Location,Income,Offered price,Purchased
Africa,10.38,3.16,False
Europe,26.33,3.47,True
Europe,24.06,3.78,True
Africa,16.18,3.74,False
Asia Pacific,13.73,4.75,False
Asia Pacific,10.31,4.63,False
Africa,10.15,5.4,False
Africa,3.82,2.4,False
Asia Pacific,9.24,5.67,False
Asia Pacific,14.43,0.85,True
Europe,21.27,5.84,False
Africa,11.1,5.96,False
Africa,9.97,6.02,False
America,6.55,4.02,False
Europe,10.15,4.4,False
Europe,14.15,6.21,False
Asia Pacific,12.23,4.42,False
Africa,2.67,0.58,True
Europe,11.1,2.47,True
Europe,15.17,6.1,False
America,33.2,1.65,True
Africa,4.55,3.55,False
America,15.89,5.8,False
Europe,16.9,1.2,True
Europe,40.91,2.33,True
Africa,13.81,1.51,True
Europe,13.3,0.81,True
Europe,19.77,2.93,True
America,18.0,0.72,True
Asia Pacific,10.45,2.39,False
Europe,9.61,4.19,False
Europe,21.5,0.51,True
Europe,9.09,2.94,False
Europe,4.32,1.83,True
Europe,12.74,5.82,False
Africa,10.39,0.59,True
Africa,19.55,4.77,False
Africa,4.19,4.73,False
Europe,26.46,6.45,False
America,31.92,3.59,True
Africa,7.46,1.88,False
Africa,5.47,3.87,False
Africa,1.01,2.54,False
Africa,1.68,3.42,False
Africa,16.54,6.2,False
Europe,13.79,1.08,True
Africa,11.17,4.13,False
Africa,7.1,3.93,False
Europe,6.65,5.73,False
Asia Pacific,22.67,6.32,False
Asia Pacific,7.82,4.13,False
Asia Pacific,11.58,2.23,True
Asia Pacific,5.1,4.41,False
Europe,7.72,3.86,False
Africa,19.16,1.23,True
Africa,11.01,2.81,False
America,32.24,1.76,True
Africa,15.95,5.19,False
Europe,12.15,5.59,False
Asia Pacific,23.03,3.74,True
Europe,12.03,1.94,True
Asia Pacific,14.88,4.89,False
Asia Pacific,14.84,6.03,False
Asia Pacific,13.15,5.48,False
Asia Pacific,12.28,1.98,True
Europe,8.39,1.93,True
Europe,11.88,1.63,True
Africa,12.56,2.74,True
Europe,5.74,0.76,False
Asia Pacific,15.52,0.7,True
Africa,2.53,1.06,False
Europe,5.23,6.2,False
Africa,12.3,5.55,False
Africa,1.05,2.79,False
Africa,7.06,1.21,True
Africa,9.25,3.09,False
Africa,10.19,3.75,False
Europe,7.85,3.53,False
Europe,10.52,6.41,False
Europe,11.59,2.05,True
Europe,15.67,3.07,True
Africa,5.56,4.88,False
Africa,9.44,5.09,False
Asia Pacific,9.35,6.44,False
Asia Pacific,15.32,3.3,False
Africa,17.21,4.56,False
Asia Pacific,10.61,4.71,False
Asia Pacific,9.59,0.91,True
Asia Pacific,13.14,5.77,False
Europe,12.42,4.06,False
America,18.22,3.17,False
Asia Pacific,18.4,3.88,False
Asia Pacific,34.24,5.53,False
Africa,1.99,5.85,False
Africa,11.49,5.61,False
Africa,27.69,5.44,False
Europe,15.77,6.44,False
America,43.84,5.34,True
Asia Pacific,4.41,0.82,True
America,5.89,0.9,True
Asia Pacific,12.11,3.49,False
Europe,31.93,5.27,False
Africa,9.91,1.28,True
Europe,13.41,1.09,True
Africa,4.61,0.62,True
America,13.49,0.59,True
Asia Pacific,17.44,5.94,False
Europe,9.08,4.2,False
Africa,6.42,0.71,True
Europe,12.89,4.33,False
Asia Pacific,7.12,1.45,False
Europe,16.42,5.61,False
Europe,8.55,4.28,False
Europe,9.78,2.8,False
Africa,11.8,4.53,False
Asia Pacific,18.4,4.58,False
Asia Pacific,12.85,6.06,False
Asia Pacific,7.01,4.26,False
Africa,5.37,2.98,False
America,1.48,2.09,False
Asia Pacific,5.27,3.64,False
Africa,11.34,3.96,False
Africa,9.43,4.52,False
Asia Pacific,31.28,6.48,False
Asia Pacific,17.51,5.47,False
Europe,9.18,2.32,True
Asia Pacific,22.1,2.32,True
America,10.21,2.99,False
America,4.02,5.43,False
Europe,8.64,1.92,True
Europe,14.64,4.62,False
Africa,8.63,2.47,False
Asia Pacific,10.51,0.79,True
Asia Pacific,13.34,2.01,True
Asia Pacific,7.45,1.74,True
Asia Pacific,7.65,6.09,False
Europe,4.68,4.13,False
Asia Pacific,6.63,0.61,True
Asia Pacific,6.15,5.62,False
Africa,3.48,1.93,False
America,40.87,0.88,True
Europe,43.62,4.96,True
Asia Pacific,9.73,6.22,False
Asia Pacific,13.92,1.66,True
Africa,11.73,2.85,False
America,11.15,3.17,False
America,50.44,1.95,True
Europe,27.26,0.58,True
Asia Pacific,12.71,5.26,False
Asia Pacific,6.55,4.28,False
Europe,11.15,5.65,False
Asia Pacific,7.1,1.57,True
Africa,6.67,2.27,False
Asia Pacific,10.13,0.66,True
Africa,3.05,1.29,True
Asia Pacific,2.51,3.9,False
Asia Pacific,7.2,5.34,False
Asia Pacific,17.54,4.05,False
Europe,29.84,5.65,False
Asia Pacific,13.2,4.01,False
America,14.95,6.11,False
Asia Pacific,24.04,6.23,False
Africa,6.93,3.47,False
Asia Pacific,16.33,0.98,True
Africa,2.76,4.92,False
Asia Pacific,15.4,1.63,True
Europe,2.31,2.2,False
Asia Pacific,1.27,1.78,False
Asia Pacific,9.51,2.42,False
America,19.65,1.46,True
Europe,17.17,4.83,False
Europe,28.55,5.01,False
Europe,2.52,1.78,False
Europe,41.54,6.21,False
Africa,4.44,2.0,False
Africa,29.28,2.52,True
Asia Pacific,22.66,4.31,False
America,5.08,3.18,False
Europe,11.55,5.35,False
Europe,20.93,4.45,False
Europe,6.21,3.88,False
Asia Pacific,14.22,1.73,True
Africa,8.28,2.08,False
Europe,8.68,2.26,True
Europe,27.85,3.55,True
Europe,5.21,4.62,False
Africa,2.1,2.42,False
Europe,7.13,4.72,False
Asia Pacific,9.9,5.35,False
America,4.95,5.83,False
Africa,3.06,6.34,False
Africa,8.28,6.04,False
Europe,15.82,3.9,False
Asia Pacific,10.36,3.07,False
Europe,5.44,3.2,False
Asia Pacific,8.42,3.48,False
Europe,8.04,0.88,True
Africa,6.23,3.51,False
Europe,15.53,0.76,True
Africa,0.72,1.29,False
Africa,4.76,3.37,False
Africa,11.91,2.29,False
Europe,8.73,6.25,False
America,100.77,1.25,True
Africa,5.12,3.21,False
America,5.58,4.48,False
Europe,37.1,4.28,True
Africa,6.86,2.34,False
America,11.43,6.15,False
Europe,6.34,4.26,False
Europe,3.36,3.36,False
Europe,16.8,0.62,True
Asia Pacific,17.22,4.97,False
Europe,11.45,3.04,True
America,8.79,1.72,True
Africa,16.35,4.57,False
Europe,9.93,5.81,False
Africa,2.55,3.59,False
Asia Pacific,10.08,1.28,True
Asia Pacific,7.84,4.79,False
Europe,4.88,0.66,True
America,13.67,4.57,False
Africa,10.04,4.65,False
America,4.6,1.66,True
Europe,18.55,5.63,False
Asia Pacific,15.58,5.73,False
Europe,12.24,0.69,True
Africa,8.16,2.19,False
Africa,9.93,5.71,False
Europe,10.27,2.86,False
America,7.33,4.89,False
Asia Pacific,8.6,3.58,False
Asia Pacific,2.66,5.04,False
Europe,6.65,1.29,True
Europe,5.51,1.78,True
Africa,4.4,0.67,True
Africa,7.05,5.86,False
America,33.42,1.61,True
Africa,2.46,1.19,True
America,4.8,4.56,False
Africa,9.82,1.42,False
Africa,7.45,3.87,False
Europe,9.08,4.65,False
Asia Pacific,10.91,2.33,False
Africa,4.62,0.67,True
Europe,8.23,3.57,False
Europe,1.29,1.88,False
Asia Pacific,13.53,6.28,False
Europe,8.46,6.36,False
Europe,6.17,5.0,False
Europe,12.62,5.47,False
America,19.13,1.91,True
Asia Pacific,10.35,0.74,True
America,4.74,3.02,False
America,12.03,2.57,False
Europe,9.44,1.13,True
America,20.51,4.67,False
Africa,5.06,4.96,False
America,40.43,5.48,True
America,13.07,0.82,True
Asia Pacific,17.01,5.25,False
Europe,3.22,4.33,False
Africa,7.7,3.35,False
America,4.22,0.69,True
Asia Pacific,6.28,5.67,False
Europe,19.17,0.92,True
Africa,4.89,3.19,False
Africa,5.24,5.17,False
Africa,8.17,5.19,False
Europe,10.68,4.84,False
Europe,22.39,3.21,True
Asia Pacific,10.14,4.13,False
Africa,2.38,5.6,False
Africa,4.31,3.19,False
Europe,38.32,5.4,True
Africa,10.09,0.8,True
Europe,9.35,6.42,False
Europe,8.86,1.69,False
Asia Pacific,3.03,5.81,False
Africa,2.27,6.23,False
Europe,15.1,5.19,False
Europe,6.78,1.19,True
Asia Pacific,15.82,5.46,False
Europe,11.7,1.72,True
Asia Pacific,14.13,2.16,True
Asia Pacific,11.45,2.91,False
Africa,8.41,5.03,False
Europe,10.34,2.9,False
Asia Pacific,9.17,4.93,False
Europe,12.26,0.68,True
America,9.17,3.45,False
America,15.1,5.28,False
Africa,24.73,2.34,True
America,16.94,0.77,True
Europe,19.18,4.9,False
Europe,13.81,2.72,False
Asia Pacific,16.0,2.93,True
Europe,10.15,6.5,False
Europe,12.61,6.3,False
Africa,5.94,6.03,False
Europe,8.66,5.5,False
Asia Pacific,5.04,3.76,False
Asia Pacific,7.99,1.04,True
Asia Pacific,5.15,2.35,False
Europe,22.68,1.68,True
Africa,5.81,5.77,False
Asia Pacific,19.14,2.48,True
Africa,5.67,4.7,False
Europe,6.21,6.03,False
Africa,6.1,2.32,False
Europe,5.75,6.05,False
Asia Pacific,6.81,2.78,False
Asia Pacific,19.15,0.92,True
Africa,12.53,1.9,True
Europe,10.74,3.88,False
Europe,4.38,3.68,False
Europe,23.55,2.63,True
Europe,5.45,1.37,True
Africa,12.55,4.56,False
Asia Pacific,5.99,0.66,False
Africa,11.69,3.2,False
Asia Pacific,13.32,4.62,False
Africa,7.96,4.46,False
Europe,6.68,5.74,False
America,36.11,0.68,True
Europe,9.44,2.34,False
Asia Pacific,12.18,4.38,False
Africa,15.62,4.49,False
Asia Pacific,14.52,4.12,False
Asia Pacific,5.93,1.87,False
Asia Pacific,10.96,1.3,True
Africa,5.36,5.19,False
Europe,15.28,4.24,False
Africa,17.77,5.96,False
Africa,4.82,2.34,False
Asia Pacific,5.26,2.36,False
Africa,5.53,6.18,False
Asia Pacific,6.6,0.67,True
Africa,7.96,6.44,False
Africa,6.09,4.9,False
Asia Pacific,14.28,1.26,True
Africa,1.84,5.3,False
Europe,32.28,1.24,True
Europe,41.56,4.07,True
Africa,15.26,4.07,False
Asia Pacific,16.87,5.41,False
America,42.24,5.8,True
Europe,11.97,2.52,False
Europe,21.35,3.12,True
Europe,15.03,1.76,True
Africa,9.84,3.3,False
Africa,10.96,4.6,False
Europe,12.62,6.45,False
Africa,7.3,5.19,False
Africa,16.64,1.63,True
Europe,17.25,6.26,False
Africa,3.81,6.36,False
Asia Pacific,11.34,6.26,False
America,6.9,2.11,False
Asia Pacific,12.3,2.86,False
Africa,8.12,3.75,False
Europe,20.11,6.15,False
America,15.5,1.61,True
Africa,5.4,2.23,False
America,8.31,5.27,False
Europe,15.26,4.8,False
Africa,27.08,1.8,True
Africa,10.09,1.9,False
Africa,6.72,4.28,False
Africa,3.99,5.05,False
Asia Pacific,9.09,5.08,False
Asia Pacific,4.95,6.46,False
Africa,12.02,3.72,False
Europe,15.82,5.03,False
Europe,7.14,4.82,False
Africa,3.42,1.17,True
Asia Pacific,3.11,5.69,False
Europe,3.69,2.34,False
Africa,9.95,1.62,True
Europe,19.64,4.88,False
Africa,9.24,4.26,False
Asia Pacific,15.66,1.23,True
Asia Pacific,10.34,5.68,False
Asia Pacific,11.05,4.91,False
Asia Pacific,7.9,0.77,True
Europe,9.04,4.67,False
Europe,16.07,6.18,False
Asia Pacific,32.13,4.42,True
Africa,11.12,2.84,False
Africa,8.74,2.39,False
Europe,14.89,0.75,True
Africa,5.11,6.44,False
America,22.5,4.22,False
Europe,12.42,0.87,True
Asia Pacific,18.87,2.39,True
Africa,10.04,2.03,False
Asia Pacific,11.04,2.93,True
Europe,4.85,0.5,True
Asia Pacific,1.11,4.25,False
Asia Pacific,17.12,0.62,True
Europe,14.49,0.8,True
Africa,9.67,3.71,False
Europe,13.62,1.46,True
Asia Pacific,22.17,4.68,False
Africa,3.67,3.52,False
America,13.66,2.44,True
Asia Pacific,4.78,5.82,False
America,9.32,4.17,False
Europe,22.13,6.41,False
Africa,12.45,1.41,True
Europe,26.97,2.05,True
Europe,7.53,5.75,False
Europe,20.1,6.49,False
Africa,2.35,5.47,False
Asia Pacific,5.93,1.07,True
Asia Pacific,8.46,0.68,False
Europe,28.07,4.87,False
Africa,17.25,2.59,True
Africa,8.76,3.03,False
Europe,9.59,1.22,False
Africa,6.28,1.9,False
Europe,38.61,2.86,True
Africa,10.67,1.76,True
America,13.65,4.16,False
Asia Pacific,15.46,1.25,True
Europe,11.9,0.83,True
Europe,20.24,1.52,True
Europe,13.36,4.43,False
Europe,14.56,1.05,True
Asia Pacific,6.08,4.62,False
Europe,12.16,6.5,False
Europe,11.22,1.81,True
America,35.7,5.5,False
America,104.4,4.65,True
Europe,15.56,2.6,True
Europe,4.59,3.53,False
Europe,9.19,5.73,False
America,41.45,5.5,True
Europe,14.23,2.29,True
Europe,10.85,3.34,False
Africa,7.26,3.22,False
Asia Pacific,7.9,6.07,False
Europe,12.26,4.38,False
Europe,28.68,2.79,True
Africa,10.33,3.72,False
Africa,5.43,3.08,False
Africa,6.76,4.5,False
Asia Pacific,8.67,4.43,False
America,4.81,3.96,False
Asia Pacific,15.29,5.64,False
Asia Pacific,11.77,6.2,False
Europe,6.45,6.05,False
America,7.65,5.69,False
Asia Pacific,5.61,3.17,False
Africa,5.1,2.38,False
Africa,2.28,5.62,False
Africa,10.75,3.49,False
Europe,3.68,6.04,False
Africa,5.6,1.85,True
Africa,10.02,2.62,False
America,9.96,2.57,False
Africa,9.47,6.09,False
Africa,9.34,1.31,True
Europe,9.63,1.75,False
America,19.44,6.37,False
Asia Pacific,7.45,5.58,False
Asia Pacific,11.5,6.21,False
Asia Pacific,2.98,4.44,False
Europe,8.79,2.58,False
Asia Pacific,23.76,1.56,True
Europe,20.74,1.9,True
Europe,6.15,5.02,False
Europe,15.95,2.52,True
Asia Pacific,27.29,1.18,True
Europe,5.9,4.76,False
Asia Pacific,4.18,1.63,True
Europe,17.05,3.83,True
Africa,12.33,4.36,False
Europe,10.45,1.55,True
Europe,16.22,4.98,False
Africa,9.25,0.66,True
Africa,7.16,0.85,False
America,7.25,2.0,False
Europe,39.14,5.14,True
America,106.76,1.5,True
Europe,9.92,6.32,False
Asia Pacific,6.63,2.24,False
Asia Pacific,7.74,5.96,False
Europe,16.22,5.43,False
Europe,11.43,4.85,False
Europe,17.97,4.52,False
Africa,7.48,2.41,True
Africa,9.68,3.63,False
Europe,12.23,4.67,False
Africa,14.44,5.46,False
Asia Pacific,4.58,5.67,False
Africa,9.73,1.88,False
Europe,5.59,3.46,False
Asia Pacific,6.86,2.16,False
Africa,1.02,2.2,False
Asia Pacific,22.58,4.82,False
America,9.95,5.59,False
Africa,3.56,3.11,False
Africa,8.82,5.87,False
America,25.16,2.05,True
America,25.26,5.22,False
Asia Pacific,11.5,3.8,False
Europe,23.43,4.81,False
Europe,12.96,0.55,True
Europe,9.33,3.11,False
Europe,19.95,0.85,True
Africa,11.01,5.73,False
Europe,14.18,4.39,False
Europe,10.17,4.68,False
Europe,6.15,4.6,False
Europe,5.93,0.81,True
Asia Pacific,10.11,1.72,True
America,34.86,4.45,True
America,31.11,4.75,False
Asia Pacific,14.82,2.89,True
Africa,8.2,5.34,False
Asia Pacific,12.05,5.53,False
Africa,11.19,1.88,True
Africa,3.89,4.98,False
America,26.51,5.81,False
Asia Pacific,7.63,6.02,False
Asia Pacific,8.79,4.29,False
Africa,5.71,3.57,False
Asia Pacific,5.16,0.92,True
Europe,16.32,0.96,True
Asia Pacific,5.58,5.74,False
America,3.83,5.14,False
Asia Pacific,8.65,4.78,False
Africa,8.86,4.98,False
Europe,24.34,5.88,False
Europe,23.1,6.39,False
Asia Pacific,4.97,0.68,True
Europe,4.73,4.98,False
Europe,5.11,1.99,False
Asia Pacific,6.39,5.88,False
Europe,22.95,1.1,True
Africa,10.16,4.59,False
Asia Pacific,21.96,2.74,True
Africa,3.4,0.66,False
Africa,9.91,6.02,False
Asia Pacific,7.51,1.49,False
Africa,7.33,4.54,False
Africa,20.19,1.97,True
Europe,11.51,1.52,True
Africa,9.65,2.05,False
Africa,6.94,2.3,False
Africa,10.58,3.31,False
Asia Pacific,1.37,3.79,False
America,19.66,0.84,True
Africa,12.45,2.64,True
America,4.6,2.23,False
Africa,10.42,0.79,True
Asia Pacific,6.51,3.22,False
Asia Pacific,4.18,5.63,False
America,10.14,5.64,False
Africa,9.42,3.71,False
America,14.96,4.74,False
Europe,9.79,0.93,True
Africa,3.93,3.23,False
Africa,3.4,4.41,False
Europe,12.95,2.81,False
Asia Pacific,12.21,2.05,True
Africa,2.21,6.2,False
Africa,4.93,6.15,False
Asia Pacific,6.31,4.11,False
Asia Pacific,18.84,4.72,False
America,6.97,1.56,True
America,13.02,1.85,True
America,8.67,4.59,False
Africa,4.58,5.16,False
Africa,2.8,4.97,False
Africa,11.66,4.76,False
Europe,11.76,4.83,False
Africa,6.32,5.88,False
Africa,9.82,2.12,False
Africa,4.55,2.09,True
Europe,6.35,3.72,False
Asia Pacific,9.07,6.31,False
Africa,9.84,3.4,False
Europe,5.51,4.32,False
Europe,11.99,5.46,False
Africa,9.02,0.83,True
Africa,11.84,0.99,True
Asia Pacific,13.83,1.94,True
Asia Pacific,12.86,3.51,False
Europe,13.32,6.42,False
Asia Pacific,1.85,4.09,False
Europe,10.39,5.64,False
Europe,7.33,2.64,False
Africa,9.22,3.84,False
Europe,26.27,6.12,False
Asia Pacific,20.31,2.43,True
Africa,10.57,5.29,False
Africa,10.88,4.91,False
Africa,14.41,5.43,False
Europe,14.07,1.88,True
Europe,10.34,0.91,True
Europe,10.54,5.06,False
Africa,14.98,5.32,False
Asia Pacific,7.5,4.03,False
America,45.32,5.16,True
America,30.16,3.19,True
Europe,14.17,6.3,False
Asia Pacific,8.83,1.27,False
Africa,8.1,2.82,False
Asia Pacific,2.44,4.4,False
Asia Pacific,4.41,1.07,True
Asia Pacific,8.49,5.73,False
America,13.05,4.44,False
Africa,7.17,0.96,False
America,24.08,6.28,False
Africa,16.84,6.11,False
Europe,31.97,0.73,True
Europe,2.91,5.73,False
Europe,11.48,3.36,False
America,42.19,4.51,True
Africa,9.47,2.26,False
Africa,9.92,5.03,False
Africa,5.47,1.93,False
Africa,12.3,4.43,False
Africa,11.07,4.86,False
Europe,21.86,1.16,True
Europe,10.74,1.02,True
Africa,19.81,5.48,False
America,12.76,5.05,False
Asia Pacific,21.21,4.55,False
Africa,7.29,2.28,False
Africa,2.54,5.73,False
Africa,3.07,5.55,False
Africa,8.48,6.43,False
Africa,15.54,0.99,True
Africa,7.53,5.01,False
Africa,4.47,0.83,True
Africa,13.6,3.54,False
Africa,5.5,2.0,False
Africa,8.46,3.53,False
Africa,2.95,3.12,False
Europe,11.45,1.93,False
Europe,7.35,4.84,False
Europe,11.11,4.67,False
Africa,5.38,5.59,False
Asia Pacific,9.31,4.85,False
Africa,9.86,4.3,False
Asia Pacific,10.15,0.79,True
America,18.4,2.58,True
Asia Pacific,20.67,1.64,True
Asia Pacific,11.65,4.21,False
Africa,2.99,5.65,False
Asia Pacific,15.97,2.77,True
Asia Pacific,9.6,1.28,True
Africa,8.71,0.73,True
Europe,8.69,1.23,True
America,9.64,4.11,False
Africa,4.34,2.47,False
Africa,6.83,4.97,False
Asia Pacific,22.14,1.02,True
America,15.45,1.7,True
Europe,11.6,4.31,False
America,12.62,4.33,False
Europe,6.96,3.06,False
Africa,5.08,1.01,True
Africa,0.97,3.12,False
Africa,12.24,4.32,False
Europe,20.92,3.75,True
Asia Pacific,16.39,5.7,False
Europe,12.62,3.24,False
Africa,9.59,2.43,False
America,37.2,1.61,True
America,14.73,4.2,False
Europe,12.48,4.05,False
Asia Pacific,8.75,6.33,False
America,17.57,2.64,True
Africa,8.06,3.25,False
Africa,3.84,6.18,False
America,13.76,5.09,False
Africa,10.42,4.22,False
Africa,9.07,0.79,True
Europe,5.08,1.24,True
Africa,8.67,6.5,False
Europe,12.43,5.65,False
Europe,21.78,6.16,False
Africa,1.24,3.16,False
Asia Pacific,4.87,0.67,True
Africa,8.6,0.93,True
Africa,7.17,2.74,False
Europe,15.33,1.12,True
Africa,9.01,1.05,False
Africa,2.45,5.02,False
Europe,23.55,1.72,True
America,24.09,3.47,True
Asia Pacific,16.88,5.65,False
Asia Pacific,1.63,5.27,False
Asia Pacific,12.37,1.89,True
Europe,32.23,1.29,True
Asia Pacific,10.05,4.41,False
Africa,6.42,1.99,False
Africa,10.03,2.48,False
Europe,16.34,5.04,False
Asia Pacific,22.8,5.2,False
Africa,3.76,4.03,False
Africa,4.66,1.36,True
Asia Pacific,7.44,2.28,False
Europe,6.9,4.69,False
Asia Pacific,5.96,0.76,True
Europe,7.03,2.41,False
America,39.15,2.56,True
Africa,4.41,1.21,False
Europe,15.28,3.62,True
Europe,11.66,3.45,False
Asia Pacific,9.69,1.36,False
Africa,9.55,1.93,True
Asia Pacific,9.98,5.59,False
Asia Pacific,21.13,6.07,False
Europe,13.48,0.61,True
Africa,4.47,1.96,False
Africa,9.88,4.09,False
Asia Pacific,16.73,2.39,True
America,18.3,3.0,True
Europe,9.07,4.95,False
Asia Pacific,20.66,2.09,True
Europe,6.24,4.34,False
Europe,3.31,0.96,True
America,15.73,5.34,False
Europe,12.8,5.39,False
Asia Pacific,12.3,1.58,True
Asia Pacific,29.7,3.15,True
Asia Pacific,3.77,1.42,False
Europe,18.37,2.67,True
Africa,6.05,2.13,False
Africa,2.39,1.65,False
Europe,13.16,5.13,False
Europe,12.38,1.49,True
Europe,17.18,4.16,False
Europe,4.27,0.68,True
Europe,16.39,5.09,False
Europe,11.01,2.17,False
America,41.74,5.09,True
Europe,14.71,4.02,False
Europe,5.1,2.48,False
America,17.17,1.17,True
Europe,16.41,1.68,True
Asia Pacific,3.59,3.04,False
Africa,4.64,5.38,False
Europe,2.77,5.54,False
Africa,12.47,0.69,True
Europe,9.32,4.51,False
Asia Pacific,9.56,0.66,True
Africa,5.8,1.99,False
Europe,9.04,3.09,False
Asia Pacific,11.5,4.47,False
Asia Pacific,6.94,2.42,False
Europe,4.61,3.62,False
Asia Pacific,9.42,6.21,False
Asia Pacific,7.48,2.52,False
Asia Pacific,10.2,6.4,False
America,23.0,5.24,False
Africa,9.59,3.94,False
Europe,18.18,6.38,False
Asia Pacific,9.05,2.67,False
Europe,4.96,2.29,False
Europe,24.25,2.69,True
Africa,5.43,1.07,True
Europe,9.15,5.05,False
Asia Pacific,1.81,3.93,False
Europe,4.35,3.93,False
Africa,0.62,5.14,False
Asia Pacific,5.63,0.59,True
Africa,8.46,0.76,False
Europe,8.16,1.14,False
Europe,22.13,4.02,False
America,17.64,2.28,True
Europe,4.09,4.03,False
Africa,4.84,2.78,False
Asia Pacific,10.35,1.56,True
Asia Pacific,5.93,5.7,False
Asia Pacific,18.84,1.22,True
Asia Pacific,2.26,5.02,False
Europe,6.97,3.29,False
Asia Pacific,6.01,5.61,False
Africa,9.34,3.52,False
Europe,10.35,5.75,False
Africa,7.97,5.4,False
Asia Pacific,7.74,5.39,False
Africa,7.96,0.61,True
America,13.98,1.34,True
Africa,3.69,6.2,False
Europe,10.25,4.86,False
Asia Pacific,7.9,0.57,True
Asia Pacific,8.8,5.37,False
Asia Pacific,6.1,6.5,False
Europe,14.5,1.31,True
Asia Pacific,12.45,1.11,True
Asia Pacific,17.53,5.96,False
Europe,9.43,3.06,False
Europe,9.32,1.45,False
Africa,9.27,3.34,False
Asia Pacific,4.19,1.66,True
Europe,8.88,6.12,False
Europe,18.71,1.03,True
Africa,4.18,0.61,False
Asia Pacific,20.19,4.14,False
Asia Pacific,13.68,5.91,False
Africa,3.66,3.73,False
Africa,12.26,5.61,False
Europe,18.47,3.55,False
Asia Pacific,6.47,1.49,True
Africa,7.45,0.97,True
Africa,1.8,6.25,False
Europe,22.4,5.14,False
Europe,24.98,5.8,False
Europe,12.49,1.95,True
Africa,3.8,4.78,False
Africa,7.79,6.13,False
Europe,7.86,1.53,False
Europe,12.07,1.67,True
Asia Pacific,13.33,1.97,False
Asia Pacific,11.82,1.95,False
Europe,11.95,3.76,False
Africa,10.74,5.28,False
Asia Pacific,7.71,4.39,False
Africa,6.16,2.0,False
Europe,31.94,1.91,True
America,11.94,2.8,False
Europe,11.31,1.91,True
Africa,13.54,3.79,False
Europe,29.14,1.24,True
Asia Pacific,12.04,2.44,False
Europe,18.4,0.81,True
Asia Pacific,6.7,1.0,True
Africa,15.57,4.52,False
Europe,19.87,3.01,True
Asia Pacific,9.29,4.11,False
Europe,7.25,4.67,False
Asia Pacific,4.85,0.51,True
Asia Pacific,13.62,1.55,True
Asia Pacific,5.03,3.44,False
America,41.9,2.98,True
Africa,10.06,2.85,False
Asia Pacific,4.85,2.74,False
America,8.62,2.31,False
Africa,8.15,5.2,False
Asia Pacific,8.52,2.81,False
Africa,11.02,5.37,False
America,1.4,5.94,False
Asia Pacific,7.11,2.9,False
Europe,16.2,4.78,False
Africa,3.34,5.21,False
Europe,10.3,4.66,False
Europe,10.15,0.73,True
Asia Pacific,12.1,3.77,False
Asia Pacific,17.38,1.07,True
Europe,18.22,1.88,True
Africa,9.15,4.29,False
Africa,10.45,0.76,True
Asia Pacific,24.27,4.36,False
Asia Pacific,7.33,4.86,False
Asia Pacific,10.09,3.42,False
Asia Pacific,4.51,5.78,False
Africa,6.76,2.98,False
America,27.28,5.05,False
Africa,3.92,4.6,False
Europe,5.27,0.52,True
Asia Pacific,6.91,0.5,True
Europe,6.88,3.99,False
Europe,17.8,1.54,True
Asia Pacific,11.93,4.57,False
Europe,13.99,5.76,False
America,18.54,5.31,False
Europe,8.06,4.32,False
America,18.04,5.73,False
Asia Pacific,4.95,0.7,True
Europe,9.36,1.35,True
Africa,5.56,6.46,False
Africa,12.68,1.2,True
Africa,0.32,4.48,False
Europe,17.74,1.54,True
Asia Pacific,2.8,1.06,False
Africa,3.32,1.95,False
Europe,16.45,3.47,False
Africa,6.41,6.11,False
Africa,11.49,0.98,True
Asia Pacific,6.37,3.15,False
Europe,10.89,0.69,True
Europe,9.51,3.86,False
Europe,9.67,1.64,True
Asia Pacific,1.71,2.29,False
Asia Pacific,20.2,2.17,True
Africa,7.7,0.9,True
Europe,2.99,2.51,False
America,14.29,3.94,False
Europe,5.86,4.03,False
Asia Pacific,8.67,1.09,True
Europe,12.57,0.72,True
Europe,23.72,3.87,True
Europe,10.85,2.42,True
Europe,22.83,2.64,True
Africa,8.46,5.05,False
Europe,11.38,3.23,False
Europe,7.5,5.79,False
Asia Pacific,3.54,5.48,False
Africa,11.63,3.93,False
Africa,7.17,4.1,False
Africa,15.37,4.64,False
Europe,9.06,3.98,False
America,6.68,5.07,False
Africa,4.86,1.72,False
Asia Pacific,12.15,0.78,True
America,31.89,2.51,True
Africa,12.12,1.04,True
Europe,18.97,1.94,True
Africa,12.1,6.02,False
Europe,16.11,0.96,True
Africa,0.96,5.11,False
Africa,8.8,6.37,False
Asia Pacific,4.66,5.66,False
Africa,19.27,2.06,True
America,32.33,2.39,True
Africa,7.94,1.05,True
Africa,12.39,3.92,False
Africa,6.4,0.53,True
America,28.07,1.29,True
Europe,6.83,1.56,True
Asia Pacific,11.65,3.89,False
Africa,1.3,5.77,False
Europe,13.38,0.81,True
America,11.94,2.12,True
Europe,16.71,1.83,True
Europe,6.74,1.15,True
Africa,5.75,3.98,False
Asia Pacific,6.03,6.31,False
Europe,6.58,2.8,False
America,23.84,2.92,True
Asia Pacific,11.43,3.86,False
Asia Pacific,16.7,1.81,True
Asia Pacific,13.16,2.71,False
Africa,26.54,1.57,True
America,36.9,2.99,True
Europe,3.43,4.74,False
Europe,13.42,1.54,True
America,16.84,2.49,True
America,21.44,1.32,True
Asia Pacific,2.29,4.69,False
Africa,2.48,5.9,False
Asia Pacific,13.79,4.89,False
Europe,6.11,3.34,False
Asia Pacific,4.59,2.1,False
Africa,8.32,1.02,True
Europe,11.24,4.04,False
Asia Pacific,8.99,5.18,False
America,42.99,2.6,True
Europe,16.22,3.87,False
Asia Pacific,12.63,1.64,True
Europe,14.14,3.48,False
America,48.13,3.81,True
America,21.05,1.76,True
America,16.43,1.12,True
Asia Pacific,15.24,3.65,False
Asia Pacific,12.75,3.61,False
Europe,24.3,3.38,True
Europe,32.5,1.41,True
Europe,8.27,5.12,False
Africa,6.2,2.71,False
Africa,13.01,5.47,False
Europe,2.71,3.17,False
Asia Pacific,16.4,5.38,False
Africa,3.71,3.07,False
Europe,18.71,0.71,True
Europe,11.22,5.13,False
America,13.7,5.48,False
Europe,20.06,4.87,False
Europe,13.11,0.91,True
Europe,18.66,6.01,False
Europe,17.58,5.87,False
Asia Pacific,13.0,3.08,False
Europe,39.6,4.94,True
Asia Pacific,6.69,1.28,False
Africa,12.82,1.08,True
Asia Pacific,15.71,2.46,True
Asia Pacific,12.35,3.24,False
Asia Pacific,3.14,1.05,True
Asia Pacific,21.24,6.44,False
Europe,3.98,2.71,False
Europe,26.56,5.97,False
America,23.1,5.66,False
America,8.4,6.02,False
Africa,6.54,1.61,True
Asia Pacific,2.47,2.1,False
Africa,6.28,6.16,False
America,7.17,4.88,False
Asia Pacific,0.94,4.81,False
Asia Pacific,16.06,3.52,True
Africa,7.82,2.69,False
Africa,3.9,1.61,False
Asia Pacific,6.68,4.37,False
Africa,3.21,1.85,False
Africa,8.03,5.48,False
Asia Pacific,18.53,1.97,True
Asia Pacific,20.81,3.33,True
Africa,4.4,1.62,False
Asia Pacific,12.81,5.44,False
America,13.03,2.67,True
Africa,8.23,5.18,False
Europe,17.59,5.94,False
Africa,12.03,3.55,False
Asia Pacific,18.92,2.75,True
Europe,12.03,3.02,False
America,25.84,0.72,True
America,19.12,4.66,False
Africa,13.67,4.53,False
America,29.42,2.3,True
Africa,8.98,4.22,False
Europe,20.33,4.48,False
Asia Pacific,13.55,5.65,False
Africa,2.23,1.24,False
Europe,9.55,0.84,True
Africa,2.56,4.4,False
America,38.56,3.41,True
Europe,23.98,3.57,True
Europe,14.15,4.76,False
America,9.77,1.17,True
America,31.04,5.21,False
Africa,14.09,1.6,True
Asia Pacific,4.38,0.79,True
Asia Pacific,5.84,4.45,False
Asia Pacific,14.74,2.63,True
Africa,7.79,3.9,False
Africa,6.04,3.66,False
Europe,11.83,5.49,False
Europe,14.16,2.98,False
Europe,17.31,2.78,True
Africa,6.48,5.94,False
Asia Pacific,2.22,6.09,False
Asia Pacific,2.96,0.59,True
Europe,5.56,4.17,False
Europe,13.06,3.0,False
Europe,13.13,1.33,True
Asia Pacific,15.23,1.75,True
Europe,8.07,5.73,False
America,4.95,1.89,True
Africa,3.7,3.08,False
Africa,7.48,4.52,False
Asia Pacific,8.98,5.1,False
Asia Pacific,12.72,4.67,False
Africa,2.37,2.72,False
Africa,11.18,2.69,False
Europe,10.35,2.27,True
Asia Pacific,18.51,1.72,True
Asia Pacific,3.83,0.59,True
Europe,9.14,5.23,False
Asia Pacific,10.57,3.85,False
Asia Pacific,8.21,1.2,True
Asia Pacific,10.27,4.14,False
Asia Pacific,4.49,5.97,False
Europe,15.86,1.21,True
Asia Pacific,8.06,3.61,False
Asia Pacific,8.41,3.15,False
Africa,5.91,6.39,False
Europe,11.52,2.13,True
Africa,0.17,2.72,False
Asia Pacific,5.57,3.45,False
Asia Pacific,21.15,4.41,True
America,11.02,5.18,False
Europe,8.32,6.31,False
Africa,6.28,2.44,False
Europe,19.93,5.95,False
America,15.13,2.44,True
Africa,26.5,3.58,True
America,44.71,2.31,True
Europe,7.35,1.42,True
Africa,9.09,4.93,False
Africa,8.78,6.38,False
Africa,12.65,3.76,False
Asia Pacific,37.93,5.51,False
America,4.9,6.12,False
Asia Pacific,4.07,4.9,False
America,6.22,5.45,False
Asia Pacific,10.16,1.3,True
Asia Pacific,9.21,1.81,True
Europe,9.35,6.22,False
Europe,7.29,3.47,False
Europe,12.03,1.1,True
Asia Pacific,8.06,5.86,False
Europe,4.1,5.04,False
Africa,4.53,6.11,False
Asia Pacific,3.02,4.36,False
Africa,12.75,5.69,False
America,13.72,2.84,False
Europe,19.16,3.13,True
Europe,5.7,5.47,False
America,26.76,5.49,False
Europe,12.46,4.53,False
Europe,50.9,3.82,True
Africa,3.46,3.75,False
Europe,10.09,2.06,True
America,18.1,4.5,False
Africa,15.27,3.47,False
Asia Pacific,12.53,1.22,True
Africa,12.21,3.99,False
Africa,12.27,0.98,True
Europe,48.55,4.55,True
Asia Pacific,7.95,1.82,True
Africa,8.86,5.14,False
Europe,9.53,2.43,False
Asia Pacific,12.93,5.57,False
Asia Pacific,31.47,1.0,True
America,30.15,4.32,True
Asia Pacific,5.3,1.11,True
Africa,2.49,6.1,False
Asia Pacific,6.9,4.01,False
Africa,0.6,1.08,False
Asia Pacific,4.1,5.93,False
Africa,2.71,6.25,False
Asia Pacific,7.04,2.96,False
Asia Pacific,17.92,5.17,False
Europe,22.0,1.47,True
Europe,8.82,4.74,False
Asia Pacific,19.27,3.61,True
Africa,11.89,4.49,False
Africa,11.15,5.77,False
Europe,9.95,5.47,False
Asia Pacific,27.19,5.98,False
Africa,13.09,0.73,True
America,9.03,3.25,False
Asia Pacific,18.11,3.03,True
America,30.17,0.91,True
Africa,7.53,6.27,False
Europe,2.89,1.66,False
Asia Pacific,17.73,1.01,True
Europe,53.76,5.07,True
Africa,4.11,0.51,True
Europe,7.59,3.54,False
Africa,5.61,3.81,False
Africa,4.55,1.72,False
America,10.23,5.32,False
Africa,7.83,6.18,False
Africa,4.98,3.06,False
Africa,4.86,3.65,False
Europe,1.56,3.87,False
Asia Pacific,20.22,2.88,True
Asia Pacific,11.41,5.28,False
Europe,10.93,1.17,True
Africa,4.64,4.19,False
Africa,16.63,2.58,True
Asia Pacific,18.56,3.44,True
Europe,7.82,1.88,False
America,10.98,4.19,False
Asia Pacific,6.9,2.01,True
Africa,8.43,5.7,False
Africa,14.46,4.66,False
Africa,10.4,1.43,True
Europe,12.09,1.78,True
Africa,6.66,0.67,True
Europe,7.28,1.02,True
Europe,4.92,2.01,False
Asia Pacific,13.4,6.46,False
Asia Pacific,4.51,2.39,False
Africa,4.39,3.66,False
Asia Pacific,27.55,3.22,True
Africa,23.44,5.64,False
Europe,18.86,2.49,True
Europe,12.88,2.58,True
Asia Pacific,11.12,4.43,False
Africa,8.94,6.35,False
Africa,11.09,2.29,False
Europe,17.02,6.14,False
Asia Pacific,3.62,5.35,False
Asia Pacific,11.88,1.45,True
Europe,21.58,2.2,True
Africa,3.16,5.04,False
Asia Pacific,12.21,3.42,True
Europe,10.86,3.55,False
Europe,3.79,1.26,True
Africa,11.84,2.32,True
Africa,6.58,3.0,False
Asia Pacific,17.55,5.2,False
Africa,5.98,0.62,True
Africa,11.32,5.9,False
Asia Pacific,6.79,1.71,True
America,22.72,2.22,True
Africa,12.92,6.14,False
America,19.96,5.1,False
Asia Pacific,11.77,4.36,False
Europe,6.78,6.44,False
Africa,5.11,2.62,False
Europe,7.76,6.14,False
Africa,9.55,1.02,True
Europe,8.69,6.12,False
Africa,13.82,4.89,False
Europe,14.86,1.36,True
Africa,8.02,4.83,False
Asia Pacific,1.39,2.37,False
Africa,3.75,2.09,False
Europe,23.17,1.28,True
Asia Pacific,26.46,0.93,True
Europe,5.97,5.37,False
America,20.9,0.9,True
Africa,7.9,3.05,False
Africa,13.63,5.81,False
Europe,11.28,1.3,True
Asia Pacific,16.22,0.7,True
Europe,11.08,4.46,False
America,9.22,5.56,False
Africa,12.73,2.05,True
Africa,8.61,4.12,False
Europe,19.8,4.85,False
Asia Pacific,10.56,3.82,False
Europe,9.18,3.62,False
Europe,8.73,2.84,False
Europe,15.11,1.02,True
Europe,5.15,3.11,False
Europe,23.61,1.16,True
Africa,7.65,0.91,True
Europe,6.68,2.42,False
Africa,9.3,2.13,False
Europe,11.08,4.86,False
Africa,4.34,4.51,False
Africa,7.42,3.91,False
Africa,3.48,4.91,False
Europe,5.5,5.03,False
America,24.52,1.01,True
Africa,7.23,1.15,True
Europe,2.08,6.12,False
America,26.71,1.08,True
Africa,2.6,5.73,False
Africa,6.04,5.72,False
Asia Pacific,10.42,1.16,True
America,26.17,5.49,False
Africa,4.18,4.99,False
Europe,9.81,6.27,False
Africa,15.78,0.61,True
Europe,10.47,3.05,False
Asia Pacific,12.09,5.33,False
Africa,7.11,2.71,False
America,14.99,1.33,True
Asia Pacific,8.27,2.57,True
America,19.86,5.87,False
Europe,7.13,5.22,False
Europe,7.43,5.47,False
Africa,1.23,5.5,False
Europe,11.01,5.17,False
America,9.01,1.72,True
Asia Pacific,12.06,3.12,False
Africa,13.24,2.47,False
Europe,23.02,3.39,True
Europe,9.97,5.55,False
Europe,4.8,0.7,True
Europe,16.32,5.45,False
Africa,3.84,1.7,False
Africa,4.7,2.14,False
Asia Pacific,5.37,6.3,False
Europe,9.36,3.91,False
Asia Pacific,4.2,3.82,False
Asia Pacific,14.33,2.79,False
Africa,3.13,0.65,False
Africa,4.17,5.84,False
Asia Pacific,11.08,3.51,False
Europe,14.56,5.51,False
Asia Pacific,6.54,4.7,False
Europe,11.41,3.62,False
Europe,9.92,3.96,False
America,5.8,6.49,False
Asia Pacific,6.66,2.07,False
Africa,4.77,3.03,False
Asia Pacific,13.5,3.33,False
Africa,11.31,2.51,False
America,35.53,6.32,False
Europe,9.2,4.34,False
Africa,9.18,1.28,False
Asia Pacific,22.67,5.16,False
Europe,9.73,4.75,False
Europe,18.27,4.53,False
Africa,0.83,6.49,False
Europe,18.83,5.93,False
Asia Pacific,15.84,2.27,True
Europe,7.85,1.86,False
Africa,8.11,3.94,False
America,10.94,3.26,False
America,11.4,3.64,False
America,27.61,3.32,True
Africa,2.25,4.01,False
Asia Pacific,11.64,5.79,False
Asia Pacific,7.86,6.34,False
Europe,3.32,6.02,False
Europe,4.78,4.85,False
America,43.87,0.55,True
Europe,12.62,3.15,True
America,43.64,1.41,True
Asia Pacific,10.43,3.83,False
Africa,7.16,6.18,False
Africa,9.78,2.77,False
America,16.44,3.01,True
Asia Pacific,16.04,1.21,True
Africa,2.8,6.23,False
America,13.1,5.25,False
Asia Pacific,20.79,3.12,True
Europe,17.18,5.27,False
Africa,24.7,3.67,True
Europe,8.15,1.24,True
Europe,18.9,1.59,True
Asia Pacific,15.19,4.29,False
America,9.17,3.07,False
Europe,20.48,5.45,False
Africa,5.05,1.91,False
Europe,20.87,2.05,True
Africa,2.22,5.71,False
America,41.34,4.41,True
Europe,14.61,5.77,False
Europe,4.6,4.18,False
Asia Pacific,17.75,4.19,False
Europe,11.48,3.97,False
Africa,7.8,2.62,False
Asia Pacific,15.15,2.02,True
Europe,11.03,0.87,True
Europe,14.05,1.5,True
Europe,20.24,3.91,False
Europe,12.02,6.31,False
America,35.51,5.92,False
Europe,6.29,1.7,False
Asia Pacific,5.32,3.13,False
Europe,18.51,0.81,True
America,16.56,0.66,True
Europe,17.95,3.46,True
Asia Pacific,19.34,2.18,True
Asia Pacific,6.48,6.17,False
Africa,9.13,1.34,True
Africa,4.32,4.07,False
Asia Pacific,8.63,2.85,False
Africa,17.63,1.25,True
Asia Pacific,18.1,5.81,False
Africa,3.68,6.05,False
America,12.38,2.15,True
Asia Pacific,12.77,2.17,False
Africa,3.7,6.14,False
America,9.82,5.91,False
Europe,14.15,2.48,False
Asia Pacific,11.1,3.95,False
Asia Pacific,7.54,1.17,False
Africa,3.63,5.01,False
Europe,8.3,5.37,False
Europe,15.92,2.27,True
America,40.06,1.82,True
Europe,18.78,0.96,True
Asia Pacific,20.68,3.77,True
Europe,3.06,5.19,False
Asia Pacific,15.59,6.16,False
Africa,4.51,5.48,False
Asia Pacific,20.31,0.9,True
America,8.33,5.67,False
Africa,12.44,2.36,True
Asia Pacific,14.79,4.25,False
Asia Pacific,18.23,1.09,True
Asia Pacific,17.98,3.03,True
Africa,10.41,5.24,False
Africa,3.47,2.95,False
Africa,4.82,2.62,False
Asia Pacific,6.87,1.95,True
Europe,0.47,0.72,False
America,21.11,6.26,False
Africa,10.43,0.88,True
Europe,8.55,4.77,False
Africa,10.22,4.01,False
Europe,15.79,1.93,True
Asia Pacific,4.3,0.88,True
America,19.07,0.83,True
Europe,16.73,2.79,True
Asia Pacific,5.2,4.46,False
Europe,7.48,4.39,False
Europe,11.04,0.87,True
Asia Pacific,10.03,4.95,False
Africa,5.33,4.66,False
Europe,24.26,4.28,True
Europe,11.25,5.95,False
America,19.98,1.5,True
Asia Pacific,6.4,4.83,False
Europe,9.94,4.02,False
Europe,15.04,2.23,True
Europe,12.06,3.93,False
Africa,7.14,4.06,False
Asia Pacific,6.22,0.72,True
Africa,22.31,6.5,False
Africa,11.7,6.27,False
Africa,7.7,2.13,False
Asia Pacific,14.71,2.82,False
Africa,2.72,6.01,False
Asia Pacific,7.33,3.6,False
Africa,5.08,0.77,True
Europe,12.45,6.06,False
Africa,11.36,1.67,True
Africa,8.22,6.34,False
Asia Pacific,5.75,4.94,False
Africa,22.35,2.96,True
Europe,2.87,1.63,False
Asia Pacific,19.99,1.68,True
Europe,12.77,4.25,False
Asia Pacific,2.28,4.45,False
Asia Pacific,8.68,4.33,False
Africa,8.89,6.48,False
Asia Pacific,4.56,1.6,True
Europe,9.9,4.85,False
Asia Pacific,17.85,1.66,True
Asia Pacific,7.39,1.83,True
Asia Pacific,22.48,2.04,True
Europe,14.86,1.28,True
Asia Pacific,11.17,4.43,False
America,34.43,1.66,True
Europe,15.33,6.37,False
Europe,34.9,5.78,False
America,2.83,6.42,False
Africa,5.55,1.43,True
Africa,1.23,0.85,False
America,11.8,0.92,True
America,8.39,2.83,False
Africa,3.58,3.39,False
America,21.91,4.04,True
Asia Pacific,10.2,4.38,False
Asia Pacific,8.66,2.36,True
Europe,7.0,4.14,False
Africa,9.16,5.89,False
Africa,6.56,1.57,True
Africa,7.22,3.5,False
America,25.25,5.97,False
Europe,13.48,1.75,True
Asia Pacific,3.62,5.48,False
Africa,9.88,3.01,False
Asia Pacific,16.36,5.41,False
Europe,15.82,5.88,False
Europe,8.73,4.21,False
Europe,10.15,6.09,False
Europe,26.28,4.89,True
Europe,6.88,2.1,False
Europe,14.44,0.55,True
Europe,5.59,1.8,True
Asia Pacific,15.29,4.25,False
Africa,10.37,4.68,False
Europe,8.54,3.44,False
Europe,8.42,5.71,False
America,28.36,3.99,True
America,18.64,3.32,True
Asia Pacific,8.96,5.46,False
Europe,13.2,3.29,False
Africa,8.36,2.7,False
Asia Pacific,17.67,3.44,True
Africa,6.22,2.34,False
Europe,16.92,3.22,True
Africa,1.13,2.89,False
Europe,11.63,1.53,False
Africa,15.65,3.3,True
Asia Pacific,9.05,0.87,True
Europe,4.76,4.72,False
Africa,0.41,2.55,False
Asia Pacific,8.4,3.68,False
America,11.32,2.39,True
Europe,14.85,3.23,False
Europe,12.06,5.61,False
Europe,20.35,0.78,True
Africa,2.64,4.75,False
Europe,4.43,2.36,False
Africa,5.9,1.72,False
Asia Pacific,2.79,3.48,False
America,18.95,2.63,True
Europe,6.01,6.41,False
Africa,10.74,2.11,True
Africa,0.91,4.98,False
Europe,12.22,6.08,False
Asia Pacific,8.2,5.72,False
Europe,16.14,6.1,False
Europe,28.75,3.2,True
Asia Pacific,10.88,5.93,False
Africa,8.3,1.2,True
Europe,23.8,4.55,False
Europe,2.52,1.25,True
Africa,6.52,5.32,False
Asia Pacific,4.65,5.81,False
Asia Pacific,2.45,5.16,False
America,8.99,3.33,False
Europe,5.75,2.24,False
Europe,14.45,2.79,True
America,9.37,1.68,True
Asia Pacific,7.19,4.38,False
Africa,6.37,1.6,True
Asia Pacific,10.18,1.72,True
Africa,10.27,5.93,False
Asia Pacific,13.14,1.57,True
America,16.19,3.19,True
Africa,4.65,3.52,False
Europe,20.57,4.45,False
America,7.8,0.92,True
Asia Pacific,10.2,4.92,False
Asia Pacific,5.55,1.55,True
Europe,21.37,5.25,False
Europe,20.56,3.42,False
Africa,3.79,3.18,False
Europe,8.96,3.55,False
America,42.95,6.26,True
Europe,10.95,0.69,True
America,15.25,1.62,True
America,13.12,5.56,False
Africa,3.83,0.9,True
America,8.53,5.95,False
Europe,10.05,5.49,False
Asia Pacific,14.94,0.68,True
Africa,24.02,1.04,True
Europe,0.74,3.16,False
Europe,26.43,5.91,False
Asia Pacific,14.49,5.88,False
Asia Pacific,8.76,5.72,False
America,34.37,6.33,False
Europe,17.27,5.47,False
Asia Pacific,5.37,5.2,False
Europe,12.68,1.26,True
Africa,9.92,5.21,False
Africa,6.72,6.08,False
America,22.6,1.19,True
Asia Pacific,9.22,5.32,False
Europe,19.42,6.14,False
Asia Pacific,7.03,4.38,False
Africa,20.23,1.39,True
Europe,14.72,3.62,False
Europe,5.8,4.01,False
Europe,18.72,3.07,True
Europe,3.3,4.99,False
Africa,7.28,6.03,False
Europe,12.09,4.64,False
Asia Pacific,6.07,2.03,False
Asia Pacific,12.9,4.54,False
America,18.56,2.47,True
Asia Pacific,10.24,2.43,False
Europe,9.69,1.13,True
Africa,5.74,2.71,False
Africa,4.26,5.7,False
Africa,8.26,5.14,False
Europe,23.72,6.05,False
Europe,13.4,5.79,False
Africa,25.61,1.82,True
America,13.99,5.77,False
Europe,13.12,1.99,True
Europe,5.29,1.31,False
Asia Pacific,11.14,5.9,False
Asia Pacific,9.61,5.85,False
Europe,11.69,2.43,False
America,6.73,2.42,False
Asia Pacific,18.55,3.26,True
Europe,6.19,4.88,False
America,13.03,0.79,True
America,8.44,4.13,False
America,10.79,6.26,False
Asia Pacific,15.36,4.98,False
Asia Pacific,7.8,1.46,True
America,3.53,0.82,False
Africa,6.03,5.59,False
America,18.85,0.89,True
Asia Pacific,14.15,4.49,False
Europe,2.32,3.17,False
Asia Pacific,9.3,0.88,True
Africa,7.34,4.71,False
Europe,5.77,1.07,False
Europe,5.25,6.5,False
Asia Pacific,2.34,3.15,False
America,9.92,3.26,False
Europe,4.19,1.53,True
America,2.03,6.46,False
Africa,13.55,4.94,False
America,17.06,6.35,False
Africa,14.79,5.8,False
Asia Pacific,12.22,0.91,True
Asia Pacific,4.37,3.65,False
Europe,1.57,4.6,False
America,12.33,6.33,False
Africa,9.52,6.07,False
America,11.49,5.23,False
Asia Pacific,2.73,3.2,False
Europe,13.29,3.15,False
Africa,10.28,3.76,False
Asia Pacific,13.56,5.87,False
Africa,5.98,3.32,False
Asia Pacific,10.12,6.16,False
Africa,9.1,4.36,False
Europe,7.53,3.53,False
Africa,9.31,1.99,False
Europe,17.59,3.62,False
Africa,3.2,1.23,False
Asia Pacific,15.31,3.66,False
Africa,9.45,5.11,False
Asia Pacific,5.45,1.27,True
Europe,16.05,3.88,False
Asia Pacific,15.35,1.79,True
Africa,2.18,4.92,False
Europe,11.0,5.74,False
Africa,15.66,2.29,True
America,22.96,5.47,False
Europe,12.78,5.86,False
Africa,9.36,2.34,False
Europe,25.87,0.74,True
Europe,7.35,0.81,True
Asia Pacific,10.02,3.93,False
Europe,6.0,1.58,False
Europe,2.62,4.08,False
Europe,37.25,2.94,True
Africa,6.31,3.19,False
Europe,10.88,0.54,True
Asia Pacific,15.46,4.16,False
Africa,3.94,4.27,False
Asia Pacific,15.37,4.49,False
Europe,4.88,3.56,False
Asia Pacific,7.46,2.04,False
Asia Pacific,6.6,5.15,False
Europe,14.22,4.44,False
Europe,10.3,2.88,False
America,6.68,0.52,True
Europe,4.73,1.72,False
Europe,12.24,2.88,False
Africa,4.43,5.61,False
Africa,9.18,1.48,True
Europe,8.06,6.02,False
Europe,7.18,3.32,False
Africa,5.57,4.6,False
Europe,16.14,6.25,False
Asia Pacific,9.88,4.3,False
Asia Pacific,10.61,5.07,False
America,12.1,6.4,False
Africa,12.36,1.88,True
Europe,2.69,3.91,False
Europe,17.33,1.3,True
America,11.37,5.14,False
Asia Pacific,11.12,3.35,False
Africa,6.94,3.25,False
America,20.55,4.26,False
Asia Pacific,8.0,5.04,False
Europe,22.17,5.41,False
Africa,4.44,6.45,False
America,40.59,5.65,True
Asia Pacific,12.96,1.04,True
Europe,25.86,3.86,True
Africa,1.68,5.14,False
Asia Pacific,0.92,4.65,False
Africa,9.82,6.09,False
Asia Pacific,5.49,4.28,False
Europe,27.88,6.34,False
Europe,13.1,6.23,False
Asia Pacific,10.29,1.58,True
Europe,11.17,1.69,False
Asia Pacific,8.16,2.5,False
Africa,13.36,4.55,False
Europe,8.14,2.29,False
Asia Pacific,8.95,3.18,False
Europe,11.9,5.15,False
Europe,12.67,0.84,True
Africa,6.48,0.94,True
Africa,4.39,5.82,False
America,10.4,4.67,False
Europe,2.3,5.89,False
Europe,8.65,5.77,False
Europe,13.47,5.61,False
Europe,16.27,4.06,False
Asia Pacific,21.93,5.8,False
Europe,12.42,0.78,True
Africa,11.98,2.31,True
Asia Pacific,10.4,4.68,False
Asia Pacific,13.26,1.81,True
Asia Pacific,13.42,2.64,True
Africa,9.39,6.05,False
Europe,9.79,3.4,False
America,17.45,6.49,False
Africa,10.85,2.26,True
Europe,22.75,1.05,True
Africa,9.8,3.91,False
Africa,12.99,1.35,True
Africa,12.72,4.38,False
Europe,9.78,4.72,False
Europe,9.04,6.47,False
Africa,3.63,1.02,True
Europe,14.95,5.26,False
Africa,11.04,3.56,False
Asia Pacific,1.39,1.88,False
Europe,7.97,2.87,False
Europe,12.34,3.92,False
Asia Pacific,29.03,1.64,True
Africa,9.95,5.61,False
Europe,9.08,1.07,True
Africa,3.97,1.74,True
Africa,26.03,4.78,False
Europe,12.74,3.93,False
Asia Pacific,6.82,2.28,True
America,30.23,4.05,True
America,13.08,5.37,False
Africa,0.92,4.61,False
Africa,13.87,4.57,False
Europe,19.75,6.17,False
Asia Pacific,2.15,2.42,False
Europe,3.88,4.51,False
Europe,11.44,3.6,False
Asia Pacific,16.99,0.9,True
Asia Pacific,2.09,2.39,False
Europe,12.48,4.87,False
Africa,6.96,5.42,False
America,11.29,3.04,False
Europe,3.8,2.19,False
Africa,3.14,1.88,False
Africa,9.64,5.87,False
Asia Pacific,23.0,3.19,True
Asia Pacific,14.58,3.44,False
Asia Pacific,12.08,6.47,False
Europe,13.52,5.64,False
Africa,13.24,1.69,True
Africa,23.46,6.38,False
Asia Pacific,7.89,4.05,False
Asia Pacific,5.76,2.0,False
Asia Pacific,6.71,3.34,False
America,3.15,4.66,False
America,14.27,3.44,False
Europe,17.25,1.29,True
Africa,8.52,0.69,False
Europe,5.83,1.25,True
Asia Pacific,3.41,4.14,False
Africa,1.93,2.62,False
Europe,20.57,2.62,True
America,35.14,0.94,True
Africa,18.51,0.74,True
Europe,10.52,5.04,False
Africa,15.59,6.2,False
Europe,15.91,3.31,False
Europe,14.06,3.62,False
Africa,4.74,5.89,False
Europe,5.95,2.14,False
Africa,5.53,0.88,True
Europe,13.99,5.46,False
Asia Pacific,2.11,2.01,False
Africa,4.78,1.29,True
Asia Pacific,10.36,5.29,False
Asia Pacific,8.04,5.52,False
Asia Pacific,20.08,5.26,False
Africa,4.45,1.08,True
Europe,40.13,2.51,True
Asia Pacific,1.01,6.19,False
Asia Pacific,2.65,1.55,False
Africa,9.47,1.65,False
America,5.16,1.68,False
Europe,12.2,1.05,True
Europe,11.11,1.35,True
Asia Pacific,9.52,4.56,False
Europe,16.86,1.27,True
Europe,6.61,2.77,False
America,14.12,4.69,False
America,19.45,3.64,True
Africa,8.62,1.58,False
America,6.98,3.62,False
Europe,23.52,0.84,True
Europe,10.68,5.15,False
America,32.11,5.59,True
Europe,17.6,4.54,False
Africa,8.52,2.36,False
Europe,15.4,6.26,False
Asia Pacific,13.45,1.3,True
Asia Pacific,9.92,2.02,True
America,40.86,6.07,False
Europe,16.01,3.55,False
Africa,12.91,3.53,False
Asia Pacific,7.01,3.24,False
Asia Pacific,9.99,1.31,True
Asia Pacific,11.81,5.97,False
Europe,5.01,5.63,False
Africa,8.53,1.77,False
Africa,8.9,1.95,False
Africa,7.44,5.68,False
Europe,10.08,2.66,True
Asia Pacific,4.79,4.54,False
Europe,10.44,5.23,False
Africa,14.68,1.57,True
Europe,25.88,1.49,True
Asia Pacific,11.01,5.12,False
Europe,4.07,2.0,False
Asia Pacific,10.43,0.65,True
Africa,7.85,4.46,False
Africa,8.72,3.06,False
Africa,1.85,2.96,False
Africa,10.43,4.16,False
Asia Pacific,23.75,4.71,False
Africa,3.69,5.97,False
America,15.72,1.4,True
Asia Pacific,14.26,5.43,False
Europe,8.24,4.47,False
Europe,16.55,6.08,False
Europe,21.93,6.29,False
Africa,4.94,5.28,False
Europe,17.02,1.07,True
Asia Pacific,3.67,4.01,False
Africa,10.37,3.62,False
America,40.48,4.1,True
Europe,12.55,1.39,True
America,12.84,0.61,True
Europe,11.77,2.38,False
Asia Pacific,4.05,2.69,False
Europe,4.89,5.65,False
Africa,10.1,5.96,False
Africa,9.5,1.68,False
Europe,12.01,4.18,False
America,29.69,0.7,True
Europe,5.09,0.61,True
Asia Pacific,3.04,4.09,False
Asia Pacific,6.35,3.3,False
Europe,7.44,3.85,False
Europe,31.26,5.96,False
Asia Pacific,5.84,2.72,False
Europe,8.56,2.02,True
Asia Pacific,6.52,4.99,False
Africa,5.11,4.77,False
Europe,8.92,5.75,False
Africa,10.56,0.95,True
Europe,12.92,3.47,False
Europe,11.27,2.21,True
Africa,13.41,0.54,True
America,19.9,2.78,True
Asia Pacific,17.78,4.91,False
Africa,6.69,2.0,True
Europe,9.49,4.57,False
Asia Pacific,8.6,3.74,False
Africa,9.53,5.41,False
Africa,1.47,2.32,False
America,33.48,3.06,True
Europe,7.55,1.26,False
Asia Pacific,18.45,3.13,True
Africa,25.82,3.85,True
Asia Pacific,9.43,5.44,False
America,27.79,4.23,True
America,8.31,3.54,False
Europe,32.93,1.33,True
Africa,6.93,3.17,False
Europe,13.85,3.25,False
Africa,6.29,4.44,False
Asia Pacific,7.4,5.63,False
Asia Pacific,6.95,5.69,False
Europe,14.86,5.62,False
Europe,11.48,6.11,False
Asia Pacific,23.41,0.79,True
Africa,13.93,1.44,True
America,32.83,5.49,False
Asia Pacific,12.61,2.85,False
America,15.15,4.48,False
America,4.51,3.71,False
Europe,11.64,3.94,False
Asia Pacific,7.61,3.62,False
Europe,7.33,4.36,False
Africa,11.74,6.21,False
Africa,5.54,4.72,False
America,24.44,6.03,False
Africa,8.02,1.48,True
Africa,8.27,3.16,False
Europe,34.58,5.16,True
Africa,16.31,1.51,True
Europe,7.01,3.11,False
Europe,4.18,2.78,False
Europe,18.9,4.89,False
Europe,10.28,1.91,False
Asia Pacific,5.39,6.02,False
Asia Pacific,11.78,1.49,True
Europe,17.85,1.69,True
Europe,14.88,3.43,True
Asia Pacific,15.17,3.72,False
America,10.09,5.71,False
Europe,10.1,0.68,True
America,40.83,4.49,True
Europe,10.97,5.84,False
Europe,12.49,2.78,False
Africa,1.89,2.86,False
Europe,3.21,1.52,True
America,8.62,2.66,False
Africa,14.96,5.71,False
Asia Pacific,7.22,5.91,False
Asia Pacific,8.61,5.92,False
Europe,25.69,0.92,True
Africa,7.65,1.87,False
Asia Pacific,8.58,1.42,False
Asia Pacific,9.59,4.51,False
Africa,14.02,4.28,False
Asia Pacific,32.26,1.7,True
Asia Pacific,15.47,1.94,True
America,5.82,2.48,False
Asia Pacific,18.51,0.57,True
Africa,4.1,3.34,False
Asia Pacific,20.7,6.24,False
Europe,4.35,1.9,False
Europe,17.95,5.0,False
Europe,5.6,0.94,True
Europe,14.91,6.35,False
America,14.36,6.0,False
Asia Pacific,8.1,6.42,False
Africa,6.37,6.31,False
Europe,1.64,4.81,False
America,34.99,2.12,True
America,32.34,5.17,True
Asia Pacific,8.12,1.82,True
Africa,4.58,1.56,False
America,29.42,2.93,True
Europe,2.9,0.73,True
Europe,9.79,1.18,True
Africa,0.75,6.1,False
Asia Pacific,11.78,5.86,False
Europe,6.74,2.53,False
Asia Pacific,9.39,3.62,False
Europe,10.99,1.45,False
Africa,4.34,1.05,True
Europe,15.22,4.87,False
Europe,24.47,1.33,True
Europe,2.6,2.1,False
Asia Pacific,7.76,5.45,False
Europe,4.34,1.71,False
Africa,3.7,4.12,False
Europe,17.56,0.51,True
Asia Pacific,9.72,0.82,True
Asia Pacific,7.62,2.72,False
Africa,14.62,5.52,False
Europe,14.15,6.26,False
Europe,12.91,3.59,False
Asia Pacific,13.14,5.41,False
Africa,2.76,2.19,False
America,8.35,2.32,False
America,4.91,0.8,True
Asia Pacific,6.4,2.1,False
Europe,7.79,1.06,True
Africa,3.82,4.02,False
Asia Pacific,21.91,4.12,True
Africa,1.19,2.25,False
Asia Pacific,9.76,3.05,False
America,7.58,4.44,False
America,12.43,5.47,False
Africa,9.91,3.61,False
Asia Pacific,21.88,2.77,True
America,32.77,2.85,True
America,6.99,0.51,True
Asia Pacific,23.62,1.41,True
Europe,12.74,5.02,False
Europe,11.23,5.2,False
Europe,14.25,5.06,False
Asia Pacific,33.74,0.55,True
Europe,10.6,3.09,False
Europe,2.33,2.0,False
Africa,4.56,6.04,False
America,107.75,5.47,True
Europe,18.31,5.58,False
America,23.32,1.76,True
Asia Pacific,8.25,4.48,False
Asia Pacific,11.33,4.51,False
Africa,6.69,0.69,True
Europe,16.57,3.54,False
Europe,17.77,3.51,False
Africa,4.58,4.26,False
Africa,8.43,5.56,False
Europe,7.51,1.62,True
Africa,20.3,3.54,True
Europe,12.32,1.14,True
Asia Pacific,2.01,5.01,False
Europe,6.0,4.6,False
Africa,2.77,3.67,False
Europe,10.9,4.42,False
Asia Pacific,7.18,5.64,False
Asia Pacific,14.13,2.82,False
Africa,9.93,3.59,False
Asia Pacific,5.96,2.86,False
Asia Pacific,13.24,1.7,True
Africa,10.51,0.92,True
Africa,14.81,3.63,False
Asia Pacific,14.57,1.83,True
Europe,16.85,3.23,True
America,12.82,5.88,False
Europe,11.04,4.58,False
Africa,9.33,3.76,False
Asia Pacific,5.89,5.97,False
Europe,8.29,1.48,True
Europe,22.79,4.31,False
Europe,9.79,3.79,False
Asia Pacific,3.69,5.8,False
Africa,3.03,4.84,False
Africa,10.2,2.69,False
Asia Pacific,10.6,1.93,True
Europe,4.01,5.27,False
Europe,14.03,1.84,True
Asia Pacific,7.49,5.67,False
Africa,6.16,2.12,False
Europe,8.04,3.21,False
Asia Pacific,10.71,3.5,False
Africa,12.34,4.26,False
Europe,5.34,1.14,False
Europe,19.29,3.53,False
Europe,19.07,0.71,True
America,6.63,6.04,False
Asia Pacific,9.21,3.65,False
Africa,11.77,2.52,False
Africa,8.63,2.12,False
Asia Pacific,4.39,5.36,False
Africa,13.44,3.18,False
Africa,13.26,3.85,False
Europe,13.91,0.99,True
Europe,9.54,1.81,True
Europe,17.53,4.86,False
America,29.64,1.42,True
Africa,9.88,2.3,False
Europe,20.39,0.68,True
America,10.61,4.89,False
Europe,9.11,2.03,True
America,14.22,3.94,False
Europe,4.6,3.29,False
Africa,12.07,1.6,True
Africa,13.54,3.66,False
Africa,12.07,5.1,False
Asia Pacific,9.73,5.65,False
Africa,10.8,2.57,True
Asia Pacific,13.71,4.36,False
Europe,9.47,3.62,False
Asia Pacific,7.29,5.75,False
Asia Pacific,25.85,0.55,True
Europe,8.88,2.59,False
Africa,12.08,4.47,False
Africa,3.72,4.03,False
Africa,8.89,4.15,False
Africa,6.88,3.17,False
Europe,28.21,2.43,True
Europe,6.4,4.24,False
Europe,18.64,2.38,True
Asia Pacific,9.1,4.98,False
America,3.93,5.73,False
Africa,6.34,3.32,False
Africa,5.81,3.98,False
Asia Pacific,6.29,0.91,True
Asia Pacific,7.43,5.68,False
Africa,5.66,6.09,False
Europe,3.33,1.34,False
Asia Pacific,5.63,1.93,False
America,12.46,1.62,True
Africa,12.29,4.05,False
Africa,3.01,5.6,False
America,42.76,1.82,True
Asia Pacific,9.78,4.27,False
Africa,9.8,1.22,False
Europe,15.01,3.33,False
Asia Pacific,15.46,5.95,False
Africa,9.62,0.93,True
America,50.21,3.27,True
Asia Pacific,4.83,3.02,False
Europe,17.06,5.04,False
Africa,5.77,3.1,False
Asia Pacific,18.89,5.1,False
Asia Pacific,10.35,4.04,False
Africa,13.03,2.61,False
Africa,11.69,4.44,False
Africa,10.81,3.92,False
America,22.58,6.44,False
Africa,3.43,0.61,False
Africa,3.45,3.85,False
Africa,5.17,5.96,False
America,30.66,6.26,False
Asia Pacific,9.18,4.8,False
Europe,18.83,4.64,False
Africa,8.33,4.27,False
Asia Pacific,20.06,2.04,True
Europe,20.7,4.11,False
Africa,2.13,5.8,False
America,22.64,5.9,False
Europe,4.34,0.73,True
Asia Pacific,6.15,1.62,True
Europe,21.37,0.51,True
Asia Pacific,7.0,3.4,False
America,18.4,6.3,False
Europe,15.51,3.65,False
Africa,7.86,3.29,False
Europe,18.3,5.3,False
America,16.74,5.72,False
Europe,6.2,3.85,False
Africa,9.43,5.6,False
Europe,11.91,5.84,False
Asia Pacific,8.05,2.22,False
Africa,2.11,4.71,False
America,8.07,2.89,False
Europe,8.33,0.99,True
Europe,10.46,5.11,False
Europe,6.24,5.98,False
Africa,21.72,6.25,False
Europe,6.88,4.39,False
Europe,8.55,4.02,False
America,20.9,1.83,True
Asia Pacific,3.14,5.87,False
Asia Pacific,13.02,3.02,False
Africa,25.24,4.47,False
Asia Pacific,18.92,3.47,True
Europe,13.92,0.85,True
Europe,10.46,4.7,False
America,3.23,2.79,False
Asia Pacific,12.25,4.96,False
Asia Pacific,8.61,4.58,False
Africa,6.74,3.32,False
Asia Pacific,14.85,0.61,True
Europe,7.48,3.13,False
America,15.92,5.4,False
Europe,7.01,4.83,False
Africa,12.62,5.32,False
Asia Pacific,7.72,1.0,True
Asia Pacific,7.36,2.97,False
Asia Pacific,12.78,5.02,False
Europe,5.99,3.92,False
Africa,13.0,5.6,False
Asia Pacific,8.75,0.9,True
Europe,21.57,4.58,False
Europe,12.3,2.41,True
America,15.24,5.26,False
Africa,4.31,5.7,False
Europe,6.01,3.47,False
Asia Pacific,10.25,4.89,False
Europe,22.66,5.54,False
Africa,12.83,0.55,True
Europe,4.26,1.87,False
Africa,13.35,0.82,True
Europe,36.82,4.72,True
Europe,20.94,4.47,False
Africa,7.07,3.82,False
Europe,13.91,4.41,False
America,15.64,6.05,False
Asia Pacific,10.44,0.64,True
Asia Pacific,6.15,2.94,False
Europe,6.95,2.82,False
Africa,10.34,4.87,False
America,7.78,4.45,False
Asia Pacific,2.24,6.25,False
America,15.15,4.79,False
Africa,12.11,1.84,True
Asia Pacific,8.08,2.43,True
Asia Pacific,5.85,4.46,False
Asia Pacific,9.96,3.53,False
Europe,29.67,0.59,True
Africa,7.09,5.48,False
Africa,8.99,4.17,False
America,30.72,3.81,True
America,19.88,4.94,False
Asia Pacific,8.52,3.81,False
Europe,6.39,1.24,True
America,14.98,1.11,True
Asia Pacific,10.74,5.58,False
Africa,16.32,6.28,False
Europe,5.72,0.97,True
Europe,8.97,4.43,False
America,14.52,6.2,False
Africa,8.42,4.68,False
Africa,19.03,2.24,True
Africa,13.92,1.61,True
America,13.08,4.11,False
Africa,6.3,1.55,True
Europe,18.68,5.25,False
Asia Pacific,21.48,5.94,False
Europe,23.69,3.82,True
Asia Pacific,4.02,3.77,False
Europe,5.12,3.31,False
Asia Pacific,11.95,0.7,True
Europe,22.55,1.41,True
Europe,28.33,1.87,True
Europe,18.39,5.44,False
Africa,10.45,3.86,False
Asia Pacific,6.67,2.97,False
Europe,9.05,6.44,False
Asia Pacific,12.03,3.36,False
Europe,13.88,6.42,False
Europe,13.62,6.18,False
Europe,29.9,1.24,True
Europe,22.17,4.58,False
America,19.49,1.08,True
Asia Pacific,17.32,2.4,True
Asia Pacific,2.51,2.38,False
Africa,24.86,5.84,False
Africa,10.23,1.65,True
Europe,10.31,3.32,False
Europe,16.31,1.62,True
Asia Pacific,10.35,1.89,True
Africa,10.6,3.9,False
Europe,15.2,4.67,False
Asia Pacific,11.8,5.92,False
Africa,13.05,5.28,False
Africa,15.03,3.74,False
Europe,9.33,4.41,False
Asia Pacific,8.2,5.06,False
Europe,20.39,5.49,False
Africa,5.58,1.64,False
Africa,7.93,2.13,False
Europe,16.93,1.37,True
Europe,11.92,1.29,True
Asia Pacific,23.12,2.13,True
Africa,12.45,5.88,False
Asia Pacific,16.64,3.47,False
Asia Pacific,11.7,1.22,True
Europe,13.72,3.25,False
Africa,8.08,6.28,False
Europe,4.87,6.28,False
Africa,1.31,4.29,False
Africa,8.21,1.93,False
Asia Pacific,15.78,1.44,True
Africa,8.99,4.16,False
Africa,11.07,1.06,True
Europe,16.0,2.8,True
Europe,15.42,4.3,False
Asia Pacific,1.94,3.08,False
Europe,13.25,1.0,True
Europe,11.9,5.8,False
Asia Pacific,10.93,3.72,False
America,17.26,2.98,False
Europe,1.63,1.99,False
Africa,3.75,2.79,False
America,8.01,0.78,True
Europe,14.59,1.56,True
America,13.26,2.62,True
Africa,7.27,1.22,True
Asia Pacific,11.23,4.49,False
Europe,12.85,2.61,True
Asia Pacific,13.39,4.09,False
Africa,2.37,1.34,False
Africa,10.12,3.0,False
Europe,8.99,5.09,False
Europe,11.22,4.9,False
Africa,5.76,0.9,True
Asia Pacific,7.02,0.63,True
Africa,9.74,4.37,False
Europe,6.31,4.59,False
Asia Pacific,8.78,3.89,False
Asia Pacific,7.98,6.0,False
Europe,12.69,3.41,False
Africa,11.49,4.59,False
Asia Pacific,31.53,3.56,True
Africa,9.89,5.56,False
Africa,1.86,6.16,False
Asia Pacific,5.72,1.52,True
Asia Pacific,26.51,5.36,False
America,15.35,3.5,False
America,5.97,5.25,False
Africa,1.14,2.09,False
America,15.44,6.13,False
Africa,2.77,1.96,False
America,27.51,6.39,False
Africa,12.89,6.3,False
Africa,5.32,5.91,False
Asia Pacific,34.13,6.1,False
Europe,3.39,5.41,False
Asia Pacific,8.71,1.9,True
Asia Pacific,17.05,5.04,False
Europe,11.04,5.5,False
Asia Pacific,4.13,1.87,True
Asia Pacific,9.09,2.74,False
Africa,10.91,1.4,True
Africa,14.94,1.25,True
Africa,10.86,3.01,False
Europe,8.94,0.87,True
Africa,6.48,0.72,True
America,10.56,1.24,True
Africa,5.99,5.58,False
Europe,13.2,0.64,True
Europe,25.1,5.87,False
Europe,20.22,3.02,True
Asia Pacific,8.95,4.56,False
Asia Pacific,9.8,0.67,True
Europe,18.12,6.0,False
Europe,8.51,0.77,True
Asia Pacific,9.46,0.51,True
Africa,7.9,4.4,False
Africa,6.62,3.92,False
Europe,5.28,4.84,False
Europe,19.79,2.22,True
Asia Pacific,8.0,2.92,False
Asia Pacific,24.73,3.83,True
Africa,5.26,3.88,False
Africa,5.43,1.12,True
America,52.8,5.14,True
Africa,13.49,3.83,False
Africa,12.05,3.12,False
America,5.56,5.2,False
Asia Pacific,15.86,1.03,True
Europe,13.43,4.09,False
Africa,8.26,3.48,False
Europe,23.95,5.93,False
Europe,5.71,1.74,True
Asia Pacific,8.17,4.34,False
Africa,3.48,4.92,False
Asia Pacific,17.82,5.78,False
Asia Pacific,11.89,4.75,False
Africa,10.09,0.86,True
Africa,7.68,6.22,False
Europe,8.1,3.15,False
Asia Pacific,8.7,2.05,False
Europe,21.77,5.17,False
Africa,1.11,2.26,False
Asia Pacific,25.32,6.35,False
Europe,6.78,2.89,False
Europe,6.29,6.06,False
Europe,18.65,5.96,False
America,8.91,3.94,False
America,5.19,1.71,True
Africa,3.6,4.03,False
Asia Pacific,16.7,4.57,False
Africa,10.91,0.99,True
Asia Pacific,14.41,3.01,True
Asia Pacific,12.69,3.49,False
Africa,10.71,1.68,True
Africa,5.39,6.48,False
Africa,6.09,3.49,False
Europe,13.58,3.93,False
Asia Pacific,10.64,2.98,False
Asia Pacific,6.88,4.9,False
Asia Pacific,8.83,5.99,False
America,7.42,2.99,False
Europe,4.35,4.39,False
Africa,11.04,1.01,True
America,13.81,3.27,False
Asia Pacific,5.61,2.61,False
America,8.86,2.98,False
Asia Pacific,11.41,4.87,False
Africa,12.65,2.54,True
Africa,1.36,4.77,False
Africa,13.82,4.67,False
Africa,4.75,1.23,False
Europe,6.39,5.28,False
Europe,8.48,5.73,False
Europe,10.44,5.75,False
Asia Pacific,12.15,0.66,True
Asia Pacific,5.7,3.92,False
Asia Pacific,2.94,4.19,False
Africa,13.71,4.95,False
Asia Pacific,25.11,4.72,False
Asia Pacific,14.88,3.03,False
America,13.83,5.95,False
America,7.3,3.2,False
Europe,9.11,5.33,False
Europe,12.45,5.41,False
Africa,13.03,0.68,True
Africa,16.63,6.05,False
Europe,16.27,5.71,False
America,8.0,5.82,False
America,34.86,3.81,True
Asia Pacific,13.37,5.92,False
Europe,4.72,3.1,False
Asia Pacific,10.01,5.69,False
Europe,14.85,2.51,True
Europe,39.45,6.16,False
America,17.68,5.65,False
Europe,4.98,4.64,False
Africa,9.82,5.2,False
Asia Pacific,10.76,3.71,False
Europe,34.06,4.61,True
Europe,16.46,3.61,False
Asia Pacific,19.61,1.94,True
Europe,14.44,6.36,False
Africa,17.58,3.45,False
Europe,6.29,1.41,False
Africa,1.29,2.38,False
Africa,8.18,2.67,False
America,8.33,4.83,False
Europe,3.73,3.52,False
Europe,10.12,3.06,False
Asia Pacific,24.26,2.55,True
Asia Pacific,6.96,4.74,False
Africa,2.88,4.81,False
Africa,6.32,3.23,False
Europe,12.91,4.23,False
Asia Pacific,30.46,4.55,False
America,13.74,0.88,True
Africa,11.4,4.98,False
America,4.68,5.57,False
Europe,15.62,4.91,False
Europe,11.19,4.42,False
Asia Pacific,13.55,5.75,False
America,20.24,0.63,True
Asia Pacific,13.84,6.05,False
Europe,8.95,6.29,False
Asia Pacific,10.01,3.0,False
Europe,10.3,1.65,True
Asia Pacific,3.0,3.36,False
Europe,9.28,3.8,False
Africa,4.61,5.78,False
Europe,14.95,2.51,True
Europe,18.3,1.74,True
Asia Pacific,10.78,1.55,True
Europe,11.03,5.09,False
Africa,4.51,0.8,True
Europe,14.39,3.29,True
America,26.66,0.73,True
Africa,11.58,5.67,False
Europe,5.34,4.45,False
America,100.83,0.58,True
Europe,1.76,3.88,False
Asia Pacific,5.64,4.92,False
Asia Pacific,21.28,1.89,True
Europe,2.67,0.51,True
Africa,15.94,6.22,False
Europe,5.8,1.35,True
Africa,11.72,2.36,True
America,18.26,5.26,False
Asia Pacific,2.77,1.08,True
America,38.02,4.89,True
America,16.42,3.92,False
Asia Pacific,5.57,2.28,False
Europe,11.74,5.04,False
Asia Pacific,10.72,2.78,False
Asia Pacific,7.36,1.79,True
Africa,5.17,5.55,False
Africa,8.57,5.68,False
Africa,3.75,2.33,False
Asia Pacific,13.58,4.73,False
Europe,22.34,0.54,True
Africa,4.0,4.04,False
Europe,11.93,3.31,False
Africa,9.71,6.27,False
Africa,7.19,2.31,False
Asia Pacific,6.15,0.76,False
Africa,5.14,5.34,False
Europe,5.35,6.47,False
America,13.09,1.99,True
Europe,7.04,1.05,True
Africa,2.22,6.33,False
Africa,16.74,2.3,True
Europe,13.22,4.68,False
Africa,11.07,3.0,False
Europe,10.82,4.58,False
Asia Pacific,19.78,4.63,False
Europe,12.52,5.47,False
Africa,8.45,6.48,False
Asia Pacific,16.31,1.55,True
Europe,14.16,4.0,False
Africa,7.68,2.71,False
Africa,0.48,5.13,False
Asia Pacific,15.7,0.9,True
Europe,11.26,4.46,False
Africa,2.55,1.23,False
Africa,5.89,6.04,False
Africa,6.29,5.94,False
Asia Pacific,5.82,5.57,False
Europe,16.8,3.34,False
Africa,3.1,1.63,False
Africa,8.61,2.06,False
Europe,11.13,2.19,False
America,9.83,4.53,False
Europe,18.22,4.84,False
Asia Pacific,13.68,4.99,False
Asia Pacific,9.99,1.91,True
Europe,16.6,5.98,False
America,41.68,4.78,True
Europe,6.16,5.13,False
Africa,10.92,2.72,False
Europe,14.96,0.62,True
Africa,10.55,0.64,True
Asia Pacific,13.87,2.58,True
Europe,9.58,3.88,False
America,33.61,2.53,True
Asia Pacific,18.33,2.34,True
Europe,8.91,3.29,False
Europe,14.1,4.83,False
Africa,23.66,1.31,True
Asia Pacific,11.95,1.04,True
Africa,9.94,2.87,False
Europe,9.04,6.07,False
Africa,16.1,4.17,False
Africa,3.3,6.11,False
Africa,8.82,4.75,False
America,11.54,4.56,False
Africa,4.21,1.92,False
Europe,19.87,1.83,True
Africa,3.46,2.04,False
Asia Pacific,22.3,2.69,True
Europe,14.22,6.03,False
Africa,3.12,3.57,False
Africa,1.66,3.33,False
Africa,7.22,5.84,False
Africa,8.8,6.24,False
Europe,10.48,2.19,True
Africa,4.11,2.66,False
America,44.6,1.46,True
Asia Pacific,3.04,2.57,False
Africa,8.35,4.57,False
Europe,2.52,2.64,False
Europe,10.47,2.47,False
Asia Pacific,8.57,1.83,True
Europe,12.1,3.43,False
Asia Pacific,4.15,1.22,False
Asia Pacific,6.82,1.11,True
America,33.95,3.1,True
Africa,11.12,1.04,True
Europe,10.26,1.6,True
Europe,7.83,4.7,False
Europe,8.94,1.97,True
Africa,18.51,0.8,True
America,17.04,5.78,False
Asia Pacific,13.89,3.61,True
Europe,8.34,5.48,False
Asia Pacific,8.38,5.71,False
America,21.49,6.35,False
Europe,8.48,5.12,False
America,4.63,2.62,False
Africa,3.0,3.51,False
Asia Pacific,9.7,5.05,False
Asia Pacific,23.54,2.3,True
Africa,3.93,3.53,False
America,17.27,4.77,False
Europe,13.6,3.94,False
America,18.12,5.19,False
Europe,17.85,0.76,True
Asia Pacific,5.1,1.77,False
America,13.56,3.55,False
Africa,10.09,1.66,True
Europe,18.54,3.8,False
Europe,13.94,1.99,True
America,13.58,4.32,False
America,7.33,4.74,False
Asia Pacific,10.22,3.07,False
Africa,6.46,6.19,False
Asia Pacific,7.46,3.46,False
Europe,7.01,1.58,False
Europe,19.89,1.06,True
Europe,10.92,0.65,True
Africa,8.98,2.56,False
America,52.27,2.33,True
Africa,4.72,2.72,False
Asia Pacific,3.71,3.62,False
Europe,8.73,1.52,False
Asia Pacific,7.41,6.41,False
Asia Pacific,9.66,5.3,False
Asia Pacific,9.72,5.07,False
Africa,7.3,3.74,False
Europe,10.16,3.07,False
Asia Pacific,23.83,4.01,True
Africa,9.89,5.91,False
Africa,7.84,0.6,True
Asia Pacific,6.8,6.25,False
Africa,7.69,2.4,False
Africa,13.27,3.49,False
Europe,4.5,2.65,False
Europe,2.51,3.65,False
Africa,1.48,4.55,False
Asia Pacific,12.97,4.9,False
Europe,10.75,0.76,True
Asia Pacific,24.9,6.38,False
Asia Pacific,6.86,5.91,False
Europe,2.21,2.72,False
Europe,17.55,2.44,True
Africa,2.32,4.92,False
Africa,7.57,2.35,False
Asia Pacific,14.11,2.36,True
Asia Pacific,9.15,1.48,True
Africa,16.31,2.24,True
Europe,10.31,2.87,False
Asia Pacific,3.0,2.16,False
Africa,10.66,4.36,False
Africa,9.94,5.91,False
Asia Pacific,13.08,4.15,False
America,16.22,6.36,False
Asia Pacific,13.75,1.34,True
Africa,9.48,5.12,False
Africa,3.02,2.8,False
America,31.04,0.53,True
Asia Pacific,16.74,2.3,True
Europe,4.99,3.92,False
America,17.25,4.47,False
America,7.98,2.98,False
Africa,11.72,4.0,False
Europe,11.46,1.17,True
Africa,4.27,4.85,False
Africa,4.72,4.99,False
Europe,15.5,0.71,True
America,34.36,3.82,True
Europe,15.25,4.16,False
Asia Pacific,11.62,4.22,False
Africa,5.54,5.24,False
Asia Pacific,3.27,3.33,False
America,20.4,0.55,True
Africa,9.68,2.33,False
Africa,6.75,5.0,False
Europe,11.3,6.37,False
America,28.03,1.95,True
Africa,16.45,2.43,True
Europe,15.87,1.17,True
Asia Pacific,14.29,2.66,False
Africa,2.93,5.18,False
Europe,12.01,1.77,True
Africa,6.33,1.85,False
Europe,2.57,2.9,False
Europe,12.83,3.93,False
Europe,17.34,3.6,False
Africa,3.32,4.2,False
Europe,10.02,3.64,False
Europe,24.03,3.21,True
Europe,14.57,0.7,True
Europe,9.8,2.5,False
Africa,10.04,6.46,False
Africa,12.41,4.94,False
Europe,25.79,6.07,False
Africa,9.6,0.74,True
Europe,13.44,4.4,False
Africa,12.39,0.58,True
Africa,2.43,3.35,False
Africa,10.46,1.31,True
Europe,29.8,5.05,False
America,43.68,4.25,True
America,28.28,2.29,True
Africa,0.59,2.24,False
Europe,16.46,1.89,True
America,3.11,3.04,False
Africa,6.11,2.52,False
Africa,7.79,2.69,False
Europe,10.1,5.92,False
Europe,18.56,2.32,True
Asia Pacific,19.49,1.55,True
Africa,3.44,0.63,True
Africa,2.06,5.58,False
Asia Pacific,11.3,5.01,False
Europe,16.58,4.84,False
Africa,13.12,6.08,False
Africa,9.03,3.51,False
Asia Pacific,7.03,4.88,False
America,18.18,5.93,False
Africa,9.01,5.3,False
America,14.35,4.31,False
America,30.95,0.56,True
Europe,19.13,5.84,False
Africa,11.0,5.95,False
Europe,13.93,5.68,False
Asia Pacific,9.68,1.64,True
Africa,8.7,2.6,False
Europe,12.13,2.56,False
Asia Pacific,14.09,1.93,True
Europe,15.6,0.85,True
Europe,20.19,1.8,True
Africa,8.53,2.68,False
Africa,8.54,3.38,False
Europe,3.8,3.41,False
Africa,4.83,6.11,False
America,31.15,4.67,True
Europe,17.67,6.21,False
Europe,6.94,4.15,False
Asia Pacific,10.38,5.51,False
Africa,8.87,6.07,False
Africa,10.71,5.67,False
Africa,8.32,4.37,False
Europe,7.57,1.7,True
America,34.17,5.66,False
Europe,10.73,6.07,False
Asia Pacific,9.15,0.9,False
Africa,7.01,4.79,False
Europe,9.83,2.43,True
Africa,8.25,1.51,False
Asia Pacific,10.23,0.74,True
Asia Pacific,10.89,0.67,True
Europe,19.31,1.39,True
Asia Pacific,22.11,1.95,True
Europe,12.73,4.47,False
Europe,14.05,6.44,False
Europe,10.45,0.75,True
Africa,2.66,3.85,False
Africa,14.33,3.41,False
Europe,13.52,2.2,True
Europe,9.63,2.39,True
America,16.52,2.19,True
Europe,8.73,4.66,False
America,17.71,1.13,True
Africa,3.36,5.67,False
Africa,16.71,6.48,False
Europe,19.98,4.86,False
Asia Pacific,12.76,6.01,False
Africa,23.92,6.21,False
Europe,10.47,4.01,False
Europe,11.36,1.13,True
Europe,15.26,2.9,False
Africa,13.38,5.76,False
Asia Pacific,9.79,4.83,False
Europe,11.05,4.67,False
Asia Pacific,3.66,0.65,True
Africa,10.37,5.52,False
America,12.58,4.71,False
Europe,38.85,3.07,True
Asia Pacific,5.76,4.12,False
Africa,11.12,3.74,False
Europe,15.08,4.34,False
America,6.46,2.08,True
Africa,9.0,1.64,True
Asia Pacific,6.79,1.49,True
Europe,33.54,2.25,True
Asia Pacific,11.5,4.89,False
Asia Pacific,4.64,5.07,False
America,15.11,4.8,False
Asia Pacific,22.73,3.49,True
Africa,6.72,5.29,False
Asia Pacific,8.25,3.6,False
America,19.78,6.4,False
Europe,10.33,1.01,True
Europe,17.3,1.69,True
America,15.93,3.23,True
America,9.84,3.51,False
Europe,16.66,4.16,False
Asia Pacific,10.85,2.66,False
America,16.12,4.5,False
America,32.39,0.91,True
Asia Pacific,13.45,0.66,True
Asia Pacific,2.81,3.89,False
Europe,8.23,4.39,False
America,7.61,3.79,False
Africa,10.9,4.99,False
Europe,18.21,1.89,True
Europe,6.88,3.71,False
Africa,4.24,5.16,False
Europe,10.31,2.44,True
Europe,13.01,2.43,True
Africa,7.45,5.83,False
America,18.61,2.11,True
Asia Pacific,6.93,3.67,False
Europe,11.93,3.72,False
Europe,14.22,2.09,True
Africa,3.45,5.11,False
Europe,7.85,4.77,False
Asia Pacific,15.26,2.53,True
Africa,16.66,1.29,True
America,16.81,2.7,True
Asia Pacific,14.17,0.81,True
Europe,3.28,2.7,False
Asia Pacific,18.76,0.87,True
Africa,7.55,6.0,False
Europe,9.09,1.72,True
America,12.55,3.88,False
Europe,6.97,3.33,False
Africa,10.08,0.59,True
Europe,5.15,4.35,False
America,20.94,3.44,True
America,4.97,5.91,False
America,4.98,0.82,False
Asia Pacific,18.42,2.37,True
Europe,10.81,2.68,False
Europe,37.33,5.03,True
Asia Pacific,7.23,3.58,False
Europe,9.12,4.86,False
Asia Pacific,13.83,1.46,True
Asia Pacific,7.05,1.61,True
Europe,23.65,2.64,True
Africa,12.43,0.83,True
Europe,12.06,6.13,False
Europe,14.24,5.26,False
Asia Pacific,7.83,1.75,False
Europe,8.95,1.19,True
America,33.13,5.54,True
Asia Pacific,20.94,2.78,True
America,3.65,5.92,False
Africa,8.68,5.65,False
Africa,10.78,3.57,False
Asia Pacific,9.35,6.34,False
Africa,10.58,1.85,True
Europe,10.52,1.12,True
America,10.75,3.08,False
Asia Pacific,36.86,1.17,True
Europe,15.03,2.01,True
America,18.89,6.0,False
America,32.73,1.7,True
Africa,11.69,6.01,False
Europe,11.16,1.76,True
Europe,7.67,5.25,False
Europe,17.71,5.65,False
Asia Pacific,6.21,6.3,False
Asia Pacific,8.48,5.46,False
Asia Pacific,7.23,0.5,True
Europe,34.37,2.41,True
Europe,15.69,5.1,False
Africa,10.59,3.32,False
Africa,3.39,4.92,False
Asia Pacific,9.62,1.61,False
Asia Pacific,10.42,4.05,False
Asia Pacific,3.58,5.13,False
Africa,2.91,4.53,False
Europe,3.34,2.55,False
Europe,40.81,5.48,True
Africa,3.32,0.71,False
Asia Pacific,9.72,1.43,False
Europe,11.56,3.57,False
America,8.43,2.82,False
Europe,15.98,4.96,False
Africa,9.56,0.91,True
Asia Pacific,8.66,2.18,False
Asia Pacific,9.92,1.21,True
Asia Pacific,14.71,3.83,False
Africa,17.41,1.73,True
Africa,3.86,4.02,False
Asia Pacific,5.16,2.97,False
Europe,14.87,1.65,True
Asia Pacific,6.08,4.16,False
Africa,12.34,3.91,False
Africa,18.38,3.37,False
Africa,11.42,4.49,False
Europe,6.51,2.84,False
Asia Pacific,12.3,1.26,True
Africa,10.12,3.7,False
Europe,11.68,0.93,True
Asia Pacific,7.37,4.55,False
Europe,21.1,1.83,True
Asia Pacific,12.72,6.43,False
Africa,3.56,3.75,False
America,9.11,2.52,True
America,16.27,1.3,True
Africa,11.31,2.31,True
Europe,9.32,4.16,False
Asia Pacific,16.69,1.44,True
Asia Pacific,8.43,2.5,False
Asia Pacific,2.08,5.79,False
Asia Pacific,14.51,3.57,False
Europe,6.5,2.46,False
America,41.09,6.27,True
Asia Pacific,14.21,3.2,False
Africa,6.77,1.46,True
Asia Pacific,5.95,1.47,True
Europe,15.26,3.54,False
Asia Pacific,12.73,6.35,False
Asia Pacific,12.06,2.05,True
America,17.12,5.65,False
Africa,8.39,3.66,False
Asia Pacific,8.25,3.76,False
Africa,9.39,5.39,False
America,23.88,4.47,False
Europe,11.03,3.84,False
Europe,8.8,1.35,True
America,32.88,1.57,True
Europe,9.3,0.54,True
Europe,13.12,3.11,False
Asia Pacific,12.52,0.69,True
Africa,6.71,6.23,False
Asia Pacific,9.84,4.4,False
Europe,9.44,4.64,False
Africa,7.64,4.08,False
Europe,14.18,5.8,False
Asia Pacific,4.5,3.94,False
Europe,8.23,6.31,False
America,13.44,3.4,False
Asia Pacific,6.59,0.7,True
Europe,16.4,4.96,False
Asia Pacific,6.84,4.35,False
Africa,10.96,1.03,True
Asia Pacific,3.72,5.18,False
Europe,12.98,0.65,True
Asia Pacific,12.65,2.99,False
America,9.23,5.88,False
Asia Pacific,3.15,5.29,False
Europe,9.21,1.38,False
Europe,8.85,4.01,False
America,19.97,3.26,True
Europe,12.4,4.9,False
Europe,17.41,1.96,True
Africa,6.82,1.54,True
Asia Pacific,17.02,6.23,False
Africa,3.59,3.15,False
Europe,5.22,2.54,False
Europe,10.83,3.77,False
Africa,10.04,5.98,False
Africa,9.74,3.28,False
Europe,7.86,5.8,False
Asia Pacific,25.27,4.26,True
Europe,3.78,3.29,False
Asia Pacific,2.98,3.59,False
Europe,5.59,3.29,False
Africa,4.63,2.24,False
Europe,24.95,5.76,False
Africa,15.6,4.3,False
America,19.42,2.29,True
Europe,13.15,5.32,False
Europe,10.45,5.36,False
Asia Pacific,3.94,2.93,False
Africa,8.79,0.54,False
Africa,8.8,0.71,True
Europe,11.75,3.78,False
America,16.05,4.14,False
Africa,6.25,1.3,True
Asia Pacific,10.57,1.04,True
Asia Pacific,7.38,4.27,False
America,28.19,1.27,True
Asia Pacific,5.89,2.01,True
Asia Pacific,9.08,5.04,False
Europe,12.81,5.3,False
America,5.99,0.92,True
Europe,11.49,2.48,False
Africa,1.27,2.35,False
Asia Pacific,8.23,2.21,True
Europe,6.2,6.33,False
Europe,7.22,0.62,True
Africa,6.64,4.33,False
Europe,40.37,2.74,True
Africa,6.36,2.98,False
America,7.78,5.0,False
Europe,30.13,4.08,True
Europe,12.28,5.8,False
Asia Pacific,8.72,3.93,False
Europe,15.89,0.92,True
Asia Pacific,10.13,5.03,False
Asia Pacific,20.72,0.99,True
America,16.0,4.33,False
Asia Pacific,8.47,3.14,False
Asia Pacific,6.98,3.13,False
Asia Pacific,24.16,0.92,True
Africa,2.53,5.54,False
Europe,13.13,2.44,True
Europe,11.72,5.46,False
Africa,8.46,6.14,False
Africa,13.63,1.9,True
America,27.53,0.58,True
Asia Pacific,22.54,2.39,True
Asia Pacific,7.18,5.62,False
Europe,6.41,1.41,True
Europe,4.19,3.64,False
America,30.71,1.56,True
Europe,14.48,5.2,False
Europe,4.18,3.11,False
Asia Pacific,14.25,3.28,False
Africa,24.75,1.05,True
Africa,10.57,3.05,False
Africa,5.25,5.79,False
Europe,10.92,0.96,True
Europe,13.1,5.41,False
Europe,4.57,2.43,False
Europe,13.55,5.78,False
America,13.71,3.88,False
Europe,8.18,1.57,False
Europe,18.49,4.73,False
America,18.52,5.35,False
Europe,10.67,2.6,False
Asia Pacific,11.93,3.13,False
Europe,21.3,1.46,True
Africa,8.95,4.58,False
Africa,5.1,4.79,False
Africa,2.83,4.82,False
Europe,17.81,5.67,False
America,10.68,5.96,False
Europe,11.55,5.02,False
Africa,7.19,4.63,False
Africa,4.7,0.65,True
Europe,4.89,4.12,False
Europe,12.1,5.4,False
Asia Pacific,9.87,3.72,False
Africa,5.27,1.85,False
Europe,12.54,5.96,False
Asia Pacific,12.97,4.96,False
Africa,6.26,4.25,False
America,14.91,3.17,True
Europe,13.79,6.35,False
Africa,12.92,3.07,False
Europe,5.93,1.73,False
Asia Pacific,8.45,1.22,False
Africa,9.71,6.47,False
America,27.01,4.41,True
Africa,7.35,1.54,False
Europe,34.95,1.17,True
Europe,14.6,3.42,True
Europe,17.43,3.89,False
America,19.46,2.63,True
Europe,16.17,4.77,False
Europe,19.13,5.31,False
Africa,12.36,0.68,True
Europe,4.65,5.07,False
Europe,14.12,1.44,True
Africa,8.67,4.67,False
Europe,22.76,4.31,False
Europe,20.28,4.51,False
Asia Pacific,20.53,4.41,False
Africa,2.11,4.74,False
Europe,14.67,2.75,True
Asia Pacific,14.36,2.38,True
Europe,10.93,3.79,False
Europe,26.62,4.53,False
Asia Pacific,6.83,4.09,False
Africa,11.34,2.17,True
America,13.07,3.24,False
Europe,3.08,4.85,False
Europe,20.26,2.27,True
Africa,6.21,3.57,False
Africa,10.68,1.66,True
Africa,4.85,3.42,False
Asia Pacific,12.47,6.15,False
Europe,10.2,1.49,True
Asia Pacific,21.0,2.41,True
America,42.03,4.41,True
America,8.68,3.87,False
Africa,10.97,4.46,False
Africa,5.2,5.86,False
Europe,20.87,2.6,True
Europe,17.61,2.86,True
America,11.68,2.94,False
Europe,7.97,4.46,False
Europe,9.88,4.54,False
America,33.66,3.61,True
Europe,7.99,5.75,False
Asia Pacific,8.99,5.62,False
Asia Pacific,32.08,1.09,True
America,13.49,5.29,False
Europe,21.97,4.68,False
Africa,7.05,6.39,False
Africa,4.78,3.52,False
Asia Pacific,7.84,5.96,False
Europe,22.31,3.44,True
Africa,9.71,3.92,False
Africa,7.22,6.23,False
Africa,11.7,3.94,False
Asia Pacific,4.37,5.64,False
Asia Pacific,11.29,0.57,True
Asia Pacific,8.2,2.24,False
Asia Pacific,6.27,1.96,True
Europe,25.92,4.53,False
Africa,3.93,4.08,False
America,10.24,6.01,False
Asia Pacific,14.28,2.21,True
America,11.96,1.93,True
Africa,11.53,1.12,True
Europe,14.51,4.54,False
Africa,11.05,4.32,False
Africa,10.76,5.9,False
Africa,6.98,5.49,False
Europe,9.9,6.12,False
Africa,9.84,3.61,False
Africa,1.03,4.51,False
America,34.26,3.35,True
Europe,7.85,1.67,True
Europe,23.21,5.2,False
Africa,10.35,1.58,True
America,8.76,0.95,True
Africa,17.44,0.8,True
Africa,3.0,5.94,False
Africa,7.66,1.0,True
Europe,7.75,1.17,True
Asia Pacific,12.71,3.5,False
America,6.2,6.41,False
Asia Pacific,5.31,4.47,False
Africa,9.89,5.67,False
Asia Pacific,8.32,3.63,False
Asia Pacific,27.22,2.77,True
America,6.59,2.71,False
America,26.72,6.31,False
Africa,10.55,1.26,True
Europe,8.48,4.17,False
Africa,6.11,5.79,False
Africa,6.81,1.44,True
America,6.74,1.2,True
Asia Pacific,9.06,4.7,False
Europe,15.92,4.89,False
Africa,19.31,6.07,False
Asia Pacific,10.61,6.25,False
Africa,14.27,3.68,False
America,10.58,1.79,False
Europe,10.78,3.4,False
Africa,10.97,5.91,False
Africa,13.4,4.02,False
America,16.32,3.78,False
America,15.14,3.03,False
Europe,17.23,4.72,False
Africa,0.85,3.53,False
Europe,12.55,5.36,False
America,4.76,0.77,True
America,9.7,4.14,False
Asia Pacific,10.64,3.84,False
Europe,10.36,0.9,True
America,11.05,1.92,True
Asia Pacific,15.53,5.24,False
America,16.09,2.64,True
Asia Pacific,7.16,2.12,False
Africa,22.99,0.71,True
Africa,11.19,4.01,False
Europe,4.77,3.21,False
Europe,18.3,3.82,False
Europe,9.93,6.32,False
Africa,7.75,2.96,False
Africa,11.29,1.49,True
Europe,29.63,0.93,True
America,22.87,1.1,True
America,10.21,6.06,False
Africa,7.82,3.03,False
Africa,19.42,3.09,True
Asia Pacific,23.16,2.35,True
Asia Pacific,15.4,1.46,True
Africa,8.45,6.34,False
Europe,11.35,3.96,False
Africa,11.16,1.6,False
Asia Pacific,6.43,5.03,False
Europe,6.81,3.75,False
Europe,18.87,5.33,False
Africa,7.47,1.38,True
Africa,6.69,1.45,False
Europe,8.8,1.64,False
Europe,13.27,5.03,False
Europe,17.16,0.71,True
Europe,13.73,3.82,False
Europe,10.43,3.33,False
Asia Pacific,10.04,4.4,False
Africa,3.2,4.97,False
America,33.42,1.01,True
Europe,10.63,1.34,True
Europe,9.54,3.27,False
Africa,9.3,6.26,False
Europe,18.62,1.49,True
Africa,9.67,3.52,False
Europe,15.25,2.85,True
Europe,6.23,0.52,True
Europe,13.15,2.82,False
Africa,4.2,3.12,False
Asia Pacific,4.59,4.66,False
Europe,14.1,2.97,False
Asia Pacific,20.05,1.87,True
Europe,4.07,3.6,False
Europe,2.71,0.97,True
Europe,10.17,6.38,False
Europe,20.67,4.1,False
Europe,13.83,4.52,False
Asia Pacific,4.22,3.89,False
Africa,6.79,1.25,False
Europe,5.25,0.6,True
Europe,11.66,6.3,False
Asia Pacific,23.71,0.88,True
Europe,8.74,5.32,False
Europe,7.69,2.94,False
America,9.47,4.55,False
Asia Pacific,6.43,3.52,False
Europe,12.23,4.98,False
Europe,20.37,1.0,True
Europe,12.43,2.66,False
Europe,6.89,1.31,False
Europe,15.89,0.8,True
Africa,12.45,0.57,True
Asia Pacific,9.21,3.0,False
Asia Pacific,8.5,3.61,False
Europe,11.07,0.63,True
Asia Pacific,15.68,3.41,False
America,6.0,1.66,True
Africa,8.72,2.62,False
Asia Pacific,16.25,3.11,True
America,35.78,5.28,True
Africa,13.59,6.44,False
Asia Pacific,4.99,3.02,False
America,22.12,2.36,True
Africa,8.75,4.0,False
Europe,9.58,0.97,True
Europe,11.96,1.48,True
Europe,14.38,1.77,True
Asia Pacific,4.61,2.43,False
Africa,10.52,5.11,False
Europe,7.87,5.97,False
America,16.95,1.71,True
Asia Pacific,11.32,2.62,False
Asia Pacific,7.65,6.09,False
America,15.75,4.18,False
America,24.69,2.53,True
Europe,18.39,2.15,True
Europe,11.98,1.37,True
America,53.07,3.97,True
Africa,3.04,2.41,False
Africa,9.86,1.2,True
Europe,10.96,5.57,False
Asia Pacific,7.37,1.52,False
Asia Pacific,6.64,5.62,False
Africa,5.25,4.79,False
Africa,9.23,4.15,False
Africa,9.97,5.76,False
Africa,5.15,5.77,False
Africa,7.18,3.3,False
Asia Pacific,8.66,0.74,True
Africa,2.74,4.19,False
Africa,12.21,6.3,False
America,4.86,5.81,False
Asia Pacific,7.63,6.42,False
Asia Pacific,7.45,0.96,False
Asia Pacific,6.11,4.36,False
Europe,12.31,1.22,True
Africa,8.55,3.86,False
Africa,5.55,2.04,False
Africa,7.19,0.59,True
Europe,15.3,5.41,False
Asia Pacific,10.55,5.65,False
Asia Pacific,8.74,5.29,False
Europe,8.32,6.24,False
Europe,5.5,5.65,False
Asia Pacific,12.07,6.07,False
Africa,13.35,0.91,True
Africa,4.78,1.95,False
Asia Pacific,10.83,1.15,True
Asia Pacific,7.26,4.42,False
Asia Pacific,8.73,1.86,True
Africa,9.47,1.27,False
Africa,10.99,0.97,True
Asia Pacific,12.19,2.35,False
Africa,1.15,5.91,False
Africa,10.7,4.7,False
Asia Pacific,8.23,0.6,True
Africa,6.04,0.84,True
Asia Pacific,11.55,6.23,False
Europe,9.15,4.24,False
Asia Pacific,31.2,4.39,True
America,16.78,4.53,False
Africa,2.7,5.43,False
America,22.48,4.88,False
Europe,14.76,4.84,False
Asia Pacific,8.33,5.19,False
Asia Pacific,17.65,2.45,True
Asia Pacific,7.98,1.13,True
America,47.54,1.26,True
Asia Pacific,6.24,0.73,True
Africa,11.29,4.08,False
Europe,11.93,2.3,True
Africa,10.15,5.81,False
Africa,8.89,2.42,False
America,4.41,2.26,False
Africa,9.36,2.08,False
Europe,3.22,5.61,False
Europe,11.68,2.96,False
America,20.68,2.97,True
America,10.04,4.37,False
Asia Pacific,5.74,6.02,False
Europe,8.52,5.06,False
Europe,3.54,0.61,True
Africa,11.42,5.2,False
Africa,9.55,1.87,False
Africa,6.37,0.95,False
Europe,5.63,5.1,False
Europe,11.07,5.99,False
Africa,5.43,1.68,False
Asia Pacific,4.93,3.83,False
Europe,7.39,5.99,False
Africa,4.54,5.1,False
America,23.33,2.18,True
Europe,3.33,5.83,False
America,34.71,2.5,True
Asia Pacific,10.9,1.31,True
Africa,6.45,5.57,False
Asia Pacific,12.66,2.06,True
Africa,8.38,0.6,False
Asia Pacific,4.72,6.36,False
Africa,7.29,1.48,True
Africa,13.6,4.88,False
Europe,9.73,1.17,True
Asia Pacific,5.34,3.15,False
Asia Pacific,10.17,5.7,False
Africa,8.67,4.74,False
Asia Pacific,0.49,5.24,False
Asia Pacific,3.34,5.59,False
Europe,17.95,4.16,False
Europe,14.34,4.87,False
America,11.18,3.26,True
Europe,14.73,0.66,True
Europe,12.58,1.44,True
Africa,2.06,4.51,False
Africa,7.16,5.46,False
Asia Pacific,19.49,6.37,False
Europe,19.78,6.02,False
Africa,17.4,3.13,True
America,20.97,3.13,True
Africa,10.64,3.43,False
America,11.26,4.69,False
Africa,15.29,4.23,False
Africa,19.32,1.96,True
Europe,5.77,5.09,False
Africa,4.32,6.44,False
Asia Pacific,11.28,5.07,False
Asia Pacific,10.76,4.33,False
Asia Pacific,7.0,5.81,False
Africa,2.48,2.48,False
Asia Pacific,9.72,3.58,False
Africa,2.09,3.86,False
America,15.39,2.77,True
Asia Pacific,2.66,0.67,True
Europe,9.97,5.82,False
Asia Pacific,10.11,2.65,False
Europe,6.44,1.76,True
Africa,4.46,5.95,False
Asia Pacific,11.25,2.03,True
Europe,8.49,5.04,False
Africa,10.03,6.0,False
Europe,4.92,2.4,False
America,17.78,6.07,False
Asia Pacific,1.61,5.39,False
Asia Pacific,9.2,3.9,False
Africa,1.66,3.1,False
Africa,14.01,1.25,True
Asia Pacific,22.28,1.67,True
Europe,5.27,5.87,False
Africa,5.37,4.46,False
America,6.72,0.81,True
Africa,5.77,2.87,False
Africa,3.78,1.69,False
Africa,4.89,0.73,False
Europe,19.84,4.81,False
America,42.02,3.84,True
Asia Pacific,5.52,1.44,False
Europe,13.42,2.5,True
Africa,11.21,4.38,False
Europe,9.58,2.05,False
Asia Pacific,7.39,3.08,False
Asia Pacific,9.75,3.95,False
Europe,8.54,0.74,True
America,14.05,5.95,False
Europe,33.69,5.57,True
Asia Pacific,7.55,4.22,False
Africa,10.67,2.22,False
Asia Pacific,6.91,4.19,False
Asia Pacific,20.9,3.54,False
Europe,16.94,1.68,True
Asia Pacific,10.36,4.46,False
Asia Pacific,11.44,3.27,False
America,9.02,5.59,False
Europe,7.02,2.49,False
Africa,18.47,2.34,True
Asia Pacific,11.16,2.83,False
Africa,5.57,5.13,False
Africa,3.04,1.33,False
Africa,14.39,1.42,True
Africa,8.72,4.59,False
Africa,20.14,3.78,False
America,18.16,5.31,False
Africa,11.61,3.79,False
Asia Pacific,26.23,1.37,True
Asia Pacific,13.33,0.88,True
Asia Pacific,14.35,2.8,False
Asia Pacific,13.36,2.95,False
Africa,4.0,4.63,False
Africa,9.56,4.62,False
Asia Pacific,15.18,3.81,False
Asia Pacific,15.22,4.23,False
Africa,9.62,3.97,False
America,8.84,5.96,False
America,9.5,4.68,False
Europe,10.3,3.2,False
Europe,26.11,1.7,True
Africa,5.61,3.3,False
America,16.09,3.95,False
Europe,15.89,5.57,False
Europe,14.41,1.97,True
Africa,6.87,5.57,False
Africa,9.14,2.1,True
Europe,16.1,2.46,True
Asia Pacific,7.93,3.36,False
Africa,1.98,6.24,False
Africa,7.36,5.79,False
Asia Pacific,10.78,1.85,False
Asia Pacific,3.4,5.31,False
Asia Pacific,9.94,6.13,False
America,20.98,5.96,False
America,26.42,5.41,False
Africa,7.26,5.31,False
Asia Pacific,1.39,3.29,False
Europe,36.06,6.35,False
Europe,12.74,3.6,False
Asia Pacific,7.14,1.66,False
Asia Pacific,4.67,4.71,False
America,2.97,1.59,False
Asia Pacific,19.08,4.18,False
America,34.21,6.15,False
Europe,14.41,0.6,True
America,16.44,4.43,False
Africa,8.83,4.76,False
Europe,15.33,5.85,False
Asia Pacific,7.63,1.48,False
Europe,25.83,0.55,True
Asia Pacific,17.06,5.35,False
Europe,15.67,5.27,False
Europe,7.41,1.84,False
Europe,18.78,5.31,False
Asia Pacific,11.79,0.99,True
Asia Pacific,8.83,3.09,False
Africa,8.9,5.6,False
Africa,6.0,5.61,False
Africa,8.01,5.31,False
Africa,16.51,6.23,False
Europe,7.16,6.48,False
Africa,9.76,0.78,True
Europe,7.41,2.22,False
Europe,18.19,5.88,False
Europe,12.31,5.14,False
Africa,9.46,4.37,False
America,16.07,3.22,False
Asia Pacific,11.96,5.76,False
Asia Pacific,29.09,5.94,False
Africa,11.42,2.38,False
Europe,10.24,1.71,True
Africa,5.63,5.25,False
Europe,9.66,4.24,False
Asia Pacific,10.05,2.65,False
Europe,5.28,5.29,False
Europe,25.59,1.1,True
Africa,10.1,6.38,False
Asia Pacific,14.69,4.9,False
Africa,9.96,3.94,False
Africa,2.14,2.65,False
Africa,9.55,5.81,False
Asia Pacific,18.55,3.63,True
Asia Pacific,12.67,2.12,True
Asia Pacific,3.63,1.41,False
Asia Pacific,10.4,2.24,False
Europe,21.83,0.72,True
America,38.79,0.55,True
Europe,8.04,5.97,False
Africa,8.73,6.03,False
Asia Pacific,7.06,6.21,False
Europe,17.28,1.62,True
America,22.19,5.25,False
Europe,11.58,1.72,True
Europe,8.15,5.79,False
Europe,4.52,0.98,True
Europe,14.97,2.42,True
Asia Pacific,10.16,3.75,False
Africa,7.24,0.55,False
Africa,4.1,4.23,False
Africa,0.61,3.44,False
Asia Pacific,15.31,1.81,True
Africa,7.17,2.18,False
Asia Pacific,9.13,2.92,False
Asia Pacific,17.92,5.47,False
Africa,9.87,5.81,False
Africa,13.13,1.88,True
Africa,6.85,3.79,False
America,9.77,3.03,False
Europe,15.09,3.4,False
Europe,11.01,5.04,False
Europe,7.74,1.17,False
America,11.0,1.87,False
America,42.57,5.26,True
Africa,5.76,3.22,False
Africa,5.53,2.91,False
America,17.79,3.27,False
Europe,7.38,1.74,False
Africa,8.43,2.78,False
Europe,19.64,4.34,False
Europe,14.38,4.21,False
America,12.21,6.24,False
Asia Pacific,4.6,4.99,False
Europe,9.34,4.47,False
Europe,10.42,0.51,True
Africa,1.15,4.91,False
Europe,18.92,4.44,False
Europe,5.37,2.07,False
Africa,3.97,5.68,False
Africa,2.93,0.92,True
Africa,21.82,2.43,True
Asia Pacific,10.94,1.8,True
Africa,8.35,3.51,False
America,11.66,3.31,False
Asia Pacific,12.09,4.81,False
Africa,11.59,2.18,False
Europe,8.75,0.62,True
Europe,7.79,3.3,False
Africa,1.28,2.87,False
Europe,17.8,4.19,False
Africa,9.75,0.99,True
Europe,10.88,1.32,True
America,28.38,6.33,False
Africa,9.12,0.6,True
Africa,5.15,3.5,False
Asia Pacific,14.65,5.42,False
Europe,18.22,1.55,True
Europe,3.41,2.75,False
Africa,4.6,3.37,False
America,11.54,2.87,False
Africa,7.53,5.66,False
America,9.87,1.29,True
Europe,10.64,1.47,True
Europe,11.15,4.42,False
Africa,5.73,4.49,False
Europe,19.27,3.41,True
Africa,18.2,6.12,False
Africa,9.07,1.1,False
Europe,14.93,2.77,True
Europe,3.19,4.84,False
Asia Pacific,5.74,1.75,True
Europe,5.71,5.56,False
Asia Pacific,19.19,1.62,True
Africa,3.85,3.12,False
Europe,15.75,3.91,False
Europe,9.08,5.76,False
Africa,10.45,0.91,True
Africa,10.16,3.36,False
America,16.98,3.18,True
Europe,7.31,2.38,False
Asia Pacific,22.13,4.16,False
Europe,21.16,4.79,False
Asia Pacific,4.89,3.81,False
Asia Pacific,7.9,2.39,False
Europe,10.2,1.81,False
Europe,13.78,2.89,True
Asia Pacific,6.95,0.87,True
Africa,6.92,3.19,False
Africa,5.16,3.6,False
America,41.46,4.1,True
Europe,12.34,1.59,True
Europe,18.0,1.68,True
Europe,35.48,4.72,True
Africa,16.16,3.0,False
Asia Pacific,30.59,4.95,False
Africa,12.91,3.11,True
America,28.87,1.24,True
Africa,8.4,5.41,False
Europe,17.01,6.39,False
Asia Pacific,7.29,4.91,False
Africa,10.38,1.2,True
Europe,19.23,5.98,False
Africa,2.73,5.02,False
Asia Pacific,10.02,5.23,False
Europe,12.54,3.09,False
Asia Pacific,10.18,4.24,False
Africa,4.15,0.99,False
Africa,7.68,3.97,False
Europe,15.41,2.12,True
America,6.64,6.48,False
Africa,3.7,3.85,False
Africa,19.16,1.15,True
Europe,8.25,2.98,False
Europe,9.12,4.9,False
America,23.19,3.57,True
Asia Pacific,25.43,2.17,True
America,25.34,5.27,False
Europe,11.33,3.42,False
Africa,7.83,5.47,False
America,6.84,2.93,False
Europe,18.88,3.09,True
Asia Pacific,5.63,1.96,False
Asia Pacific,12.5,5.44,False
Asia Pacific,14.78,5.96,False
Asia Pacific,10.94,2.93,True
Europe,25.16,5.68,False
Europe,6.09,5.02,False
Asia Pacific,13.29,0.96,True
Africa,9.22,1.61,False
Africa,8.38,5.95,False
Europe,7.76,5.13,False
Asia Pacific,2.05,3.52,False
America,16.32,3.03,False
Africa,5.66,6.17,False
America,8.34,1.84,True
Africa,6.39,5.2,False
Africa,11.95,3.52,False
Africa,8.52,3.97,False
America,22.82,2.46,True
Asia Pacific,11.0,5.69,False
Europe,11.79,0.87,True
America,11.56,4.7,False
America,18.62,6.37,False
Europe,10.93,4.48,False
Europe,16.28,0.78,True
Africa,9.4,0.91,False
Africa,11.92,4.52,False
America,6.25,4.78,False
Europe,18.29,0.99,True
Africa,8.22,2.04,False
Europe,18.25,4.86,False
Asia Pacific,5.22,4.53,False
Asia Pacific,6.68,4.55,False
Europe,13.6,4.48,False
Africa,4.39,5.76,False
Asia Pacific,14.29,5.45,False
America,1.86,5.09,False
Asia Pacific,14.05,4.96,False
Europe,19.06,2.63,True
Africa,13.84,5.39,False
Africa,8.65,3.79,False
Europe,7.6,0.74,True
Europe,13.13,4.91,False
Asia Pacific,12.69,2.16,False
Africa,15.23,1.53,True
Africa,3.45,1.58,False
Europe,6.89,6.48,False
Asia Pacific,6.99,5.91,False
Asia Pacific,7.43,4.36,False
Africa,4.86,2.94,False
Asia Pacific,20.58,5.92,False
Africa,8.16,6.1,False
Europe,2.39,6.35,False
Asia Pacific,9.64,1.71,False
Africa,14.74,4.65,False
Europe,6.3,3.2,False
Europe,7.42,0.83,True
America,29.0,3.07,True
Africa,9.45,5.56,False
Asia Pacific,13.74,1.87,True
America,9.14,2.3,True
Africa,9.22,3.37,False
Africa,3.98,2.01,False
Africa,7.84,4.19,False
Asia Pacific,5.04,6.22,False
Europe,12.41,4.25,False
Asia Pacific,2.18,3.74,False
Asia Pacific,25.01,6.31,False
America,1.68,3.81,False
Europe,17.6,0.59,True
Europe,20.36,5.68,False
Europe,10.11,5.71,False
Asia Pacific,4.02,2.63,False
Asia Pacific,10.09,5.03,False
Asia Pacific,6.9,3.46,False
Africa,4.82,0.94,True
America,11.8,6.19,False
Europe,7.65,4.6,False
Europe,17.87,3.28,True
Africa,10.19,3.1,False
Africa,3.17,1.08,True
Africa,1.54,4.7,False
Africa,6.83,3.34,False
Africa,18.72,1.27,True
Europe,3.96,6.2,False
Africa,6.09,0.53,False
Europe,13.1,1.25,True
Asia Pacific,12.88,5.58,False
America,13.16,1.34,True
Europe,23.61,0.55,True
Asia Pacific,10.75,4.64,False
Africa,16.35,1.35,True
Europe,9.52,4.27,False
Africa,10.84,0.55,True
America,41.58,1.34,True
Africa,9.58,6.25,False
Europe,10.41,5.78,False
Africa,2.41,6.02,False
America,15.96,5.13,False
America,20.08,5.29,False
Europe,4.85,1.31,False
Asia Pacific,1.21,5.09,False
Africa,12.63,5.58,False
America,15.39,0.99,True
Asia Pacific,31.38,4.94,True
Europe,11.11,5.91,False
Asia Pacific,32.37,5.0,True
America,15.11,5.9,False
Asia Pacific,4.63,1.62,True
America,18.55,6.11,False
Asia Pacific,18.27,5.27,False
America,10.44,1.99,False
Africa,8.85,6.01,False
Asia Pacific,6.65,5.45,False
Africa,18.55,4.41,False
America,13.67,3.13,False
Africa,3.84,5.44,False
Asia Pacific,7.21,3.05,False
America,6.54,2.05,True
Africa,6.94,4.15,False
Europe,27.62,5.64,False
Europe,11.35,4.79,False
Europe,12.9,4.74,False
Asia Pacific,5.33,0.73,True
Europe,15.36,6.48,False
Europe,5.36,0.88,True
Africa,5.47,3.26,False
Europe,22.47,4.82,False
Europe,5.95,0.74,True
Europe,16.54,5.08,False
Europe,13.18,4.23,False
Europe,18.0,4.98,False
Europe,3.86,4.32,False
Asia Pacific,22.28,2.59,True
Africa,4.82,4.48,False
Africa,10.53,5.48,False
America,3.67,1.49,False
America,22.59,4.54,False
Asia Pacific,15.2,5.46,False
Europe,5.34,4.45,False
Europe,9.55,4.23,False
Asia Pacific,14.08,2.71,False
Asia Pacific,24.64,3.87,True
Africa,9.14,5.5,False
Europe,8.42,6.02,False
Asia Pacific,35.24,2.1,True
Africa,10.75,2.29,False
Europe,13.4,2.8,False
Asia Pacific,5.33,0.87,True
America,12.06,6.39,False
America,9.65,0.98,True
Asia Pacific,7.08,2.83,False
Asia Pacific,17.28,4.64,False
Europe,15.83,0.51,True
Europe,8.82,1.15,True
America,11.12,4.52,False
Africa,11.26,3.63,False
Europe,8.11,4.64,False
America,22.39,1.39,True
Africa,19.83,1.81,True
Europe,18.55,3.59,True
Europe,3.61,2.52,False
Africa,6.67,4.86,False
America,13.94,1.3,True
Europe,10.1,6.1,False
Asia Pacific,13.33,5.51,False
Africa,2.76,3.26,False
Asia Pacific,13.57,1.47,True
Africa,10.66,4.89,False
America,22.04,0.73,True
Europe,10.36,3.9,False
Africa,5.21,4.31,False
Africa,4.92,1.88,False
America,12.22,1.86,True
America,16.05,2.58,True
Europe,18.95,3.33,False
Africa,6.75,2.53,True
Africa,2.47,2.7,False
Europe,4.77,0.6,True
Asia Pacific,10.28,3.47,False
America,7.46,2.91,False
Europe,13.07,4.55,False
Europe,9.78,0.98,True
America,18.63,1.86,True
Africa,3.73,6.03,False
Europe,1.48,3.76,False
Europe,22.21,0.76,True
Europe,16.99,0.54,True
America,27.55,5.82,False
Europe,16.13,5.63,False
Europe,35.45,0.81,True
Asia Pacific,9.32,1.86,True
Europe,14.21,2.11,False
America,105.3,3.87,True
Europe,23.68,1.4,True
Europe,15.31,0.78,True
Africa,1.82,1.11,True
Africa,19.97,3.12,True
Europe,35.01,3.9,True
Africa,5.91,1.8,False
Europe,6.75,4.43,False
Asia Pacific,5.3,4.83,False
Africa,9.58,3.15,False
Africa,7.68,4.51,False
Asia Pacific,31.83,3.66,True
America,44.52,5.33,True
Africa,14.11,1.12,True
America,37.23,5.67,False
Africa,7.47,5.98,False
Africa,10.78,0.71,True
Africa,10.91,5.36,False
Asia Pacific,4.93,5.75,False
Africa,9.53,5.54,False
Europe,11.71,1.83,True
Asia Pacific,16.5,5.58,False
Europe,20.26,4.67,False
Africa,8.71,3.63,False
Africa,12.76,1.57,True
Africa,20.47,2.88,True
Africa,3.4,3.67,False
Africa,6.28,1.12,True
Europe,8.02,4.76,False
Europe,31.1,2.07,True
Africa,3.72,2.65,False
Africa,3.23,3.97,False
Europe,10.36,0.84,True
Europe,10.34,2.09,False
Europe,13.77,4.45,False
Africa,4.26,3.47,False
America,7.45,2.28,False
Europe,24.66,1.76,True
Europe,15.26,1.2,True
Asia Pacific,18.14,2.51,True
Africa,8.59,3.37,False
Europe,7.02,1.9,False
Africa,19.87,1.98,True
Europe,8.41,1.28,True
Europe,21.39,5.5,False
Africa,12.78,3.39,False
America,10.5,4.66,False
Asia Pacific,10.66,2.96,False
Europe,6.88,4.69,False
Africa,8.44,2.95,False
America,42.53,1.9,True
Europe,4.65,5.14,False
Europe,18.0,1.78,True
Europe,12.91,1.71,True
Asia Pacific,10.77,0.97,True
Europe,11.44,5.8,False
Europe,29.45,1.6,True
America,14.96,0.71,True
Africa,11.55,4.5,False
Europe,6.5,0.86,True
Africa,11.28,1.84,True
Asia Pacific,4.1,2.03,False
Asia Pacific,3.27,5.97,False
Africa,9.56,2.83,False
Asia Pacific,11.67,1.09,True
Asia Pacific,5.9,2.46,False
Africa,9.16,3.12,False
Europe,8.75,3.5,False
Europe,20.22,3.29,True
Asia Pacific,11.05,5.73,False
Europe,19.19,1.94,True
Africa,9.92,0.93,True
Europe,24.17,3.96,True
Africa,10.14,3.88,False
Europe,16.32,4.59,False
Africa,12.47,1.33,True
Africa,2.9,5.61,False
America,6.57,0.77,True
Asia Pacific,7.86,4.16,False
America,15.43,2.12,True
Africa,7.59,2.49,False
Europe,19.53,1.56,True
Europe,10.92,1.87,True
Africa,9.34,0.69,True
America,22.93,5.11,False
Asia Pacific,8.6,5.47,False
Europe,18.56,3.45,False
Europe,15.93,2.26,True
America,7.12,2.1,False
America,16.4,0.9,True
Europe,8.26,4.58,False
America,18.81,6.46,False
Asia Pacific,14.42,3.77,False
Africa,8.59,4.29,False
Europe,18.43,5.71,False
Asia Pacific,12.15,0.58,True
Africa,20.92,1.41,True
America,13.17,2.83,False
Europe,48.36,3.13,True
Asia Pacific,7.9,0.52,True
Europe,6.85,0.91,True
America,8.08,1.44,True
Asia Pacific,13.65,6.08,False
America,19.62,5.63,False
Europe,21.41,2.79,True
Asia Pacific,15.89,4.31,False
Africa,11.16,4.26,False
Europe,12.24,2.54,True
America,3.16,6.43,False
America,28.7,5.42,False
Europe,4.01,3.17,False
Europe,7.35,2.12,True
Europe,16.04,5.66,False
Africa,12.2,4.9,False
Africa,1.19,1.07,False
Europe,14.54,6.49,False
Europe,18.08,5.85,False
Asia Pacific,7.32,1.96,True
Europe,15.66,2.02,True
Europe,4.16,0.73,True
Africa,8.57,2.7,False
Asia Pacific,13.63,1.76,True
Europe,16.04,2.86,True
Europe,12.89,4.27,False
Asia Pacific,21.55,0.98,True
America,13.9,4.34,False
Europe,18.72,2.05,True
Europe,4.25,5.54,False
Asia Pacific,9.75,5.12,False
Europe,5.32,5.47,False
Asia Pacific,10.22,6.15,False
Asia Pacific,3.06,6.32,False
Asia Pacific,16.66,3.68,False
Africa,7.73,4.04,False
Europe,19.1,0.85,True
Africa,9.02,5.93,False
Asia Pacific,15.31,2.75,False
Africa,10.76,2.19,False
Africa,4.47,3.1,False
America,4.89,1.99,False
Africa,8.02,1.95,False
Asia Pacific,10.62,1.32,True
Europe,19.14,3.49,True
America,38.03,4.98,True
Africa,12.72,1.78,True
Europe,8.81,1.03,True
Asia Pacific,13.31,2.39,True
Europe,8.67,4.02,False
Africa,1.61,2.68,False
America,10.59,5.44,False
Europe,7.48,2.1,True
Asia Pacific,11.84,5.87,False
Europe,3.42,4.66,False
Africa,12.75,5.65,False
Europe,10.17,3.91,False
Europe,15.91,1.34,True
America,34.01,3.66,True
Africa,7.57,3.25,False
America,26.38,1.79,True
America,14.52,3.82,False
Africa,8.18,5.5,False
America,15.52,2.47,True
Europe,12.55,2.61,True
Africa,12.6,5.09,False
Africa,13.07,1.68,True
Europe,9.07,0.95,True
Africa,9.02,2.2,False
America,11.37,1.88,True
Asia Pacific,13.91,1.05,True
Europe,11.16,5.2,False
Africa,3.39,3.42,False
Europe,13.83,3.91,False
Africa,7.72,5.99,False
Africa,6.69,6.39,False
Asia Pacific,12.34,3.27,False
Asia Pacific,5.5,5.27,False
Africa,12.92,3.51,False
Africa,3.08,3.37,False
Africa,3.97,2.32,False
Europe,24.41,4.61,False
Europe,17.66,5.21,False
Asia Pacific,8.43,6.5,False
Asia Pacific,22.34,5.13,False
America,17.99,5.59,False
Africa,6.51,1.19,False
Europe,10.31,3.09,False
Africa,23.82,1.68,True
Europe,12.92,6.31,False
America,9.26,3.56,False
America,12.63,2.92,False
Europe,15.17,0.76,True
Europe,7.55,5.8,False
Africa,5.22,3.0,False
America,11.62,3.17,False
Africa,4.89,4.65,False
Africa,7.08,1.38,False
Europe,6.12,0.85,True
Europe,6.23,5.36,False
Africa,4.44,1.22,True
America,25.37,5.53,False
Africa,5.63,5.12,False
Asia Pacific,26.66,1.0,True
Europe,17.17,2.92,True
Asia Pacific,3.42,0.77,True
Europe,24.5,6.07,False
Asia Pacific,6.16,2.52,False
America,13.79,2.56,True
Africa,4.49,3.03,False
Africa,8.63,3.16,False
Europe,15.11,5.12,False
America,14.86,2.7,True
Asia Pacific,12.42,3.86,False
Asia Pacific,6.86,3.63,False
Europe,16.74,6.33,False
Africa,7.78,4.0,False
Africa,6.82,0.68,True
Europe,10.93,3.47,False
Asia Pacific,11.1,3.39,False
America,22.05,1.9,True
Africa,12.55,3.5,False
Asia Pacific,9.79,4.88,False
Europe,10.05,5.71,False
Asia Pacific,31.8,4.93,False
Africa,6.27,2.39,False
Africa,5.76,1.9,False
Asia Pacific,6.77,3.48,False
Europe,5.85,1.32,True
Europe,7.82,6.26,False
Africa,6.88,0.5,True
Europe,15.32,3.27,False
Asia Pacific,8.85,5.49,False
Africa,6.25,6.47,False
America,18.1,4.23,False
Europe,1.39,1.34,False
Europe,7.05,4.74,False
America,22.03,2.72,True
Europe,8.14,2.34,False
America,8.09,0.54,True
Europe,8.4,1.58,False
America,21.4,5.89,False
Europe,1.15,5.6,False
America,9.43,5.66,False
Africa,4.48,2.02,False
Asia Pacific,4.64,5.88,False
Europe,29.09,2.91,True
Africa,0.96,3.93,False
Europe,1.57,1.41,False
America,23.67,1.47,True
Europe,7.02,2.9,False
Africa,6.38,2.57,False
Africa,14.65,3.47,False
Europe,18.82,1.97,True
Asia Pacific,10.8,3.74,False
Asia Pacific,7.93,1.68,False
Africa,11.74,2.88,False
Europe,4.3,4.39,False
Asia Pacific,6.09,5.31,False
Europe,8.01,2.79,False
America,3.12,2.85,False
Africa,17.26,2.02,True
Europe,34.59,1.45,True
America,18.21,6.1,False
Asia Pacific,2.03,3.13,False
America,21.68,0.8,True
Europe,6.73,2.07,True
Europe,11.0,1.68,False
Africa,1.66,1.71,False
Asia Pacific,14.38,0.89,True
America,6.75,0.7,True
Africa,3.56,1.51,True
Africa,8.0,2.9,False
Africa,14.33,0.72,True
Asia Pacific,17.23,1.61,True
Africa,4.18,5.05,False
Africa,4.27,5.98,False
Asia Pacific,11.33,2.81,True
Europe,7.92,5.47,False
Africa,4.96,4.66,False
Africa,25.38,1.26,True
Africa,14.54,2.95,False
Europe,24.85,5.89,False
Africa,2.71,1.44,False
Asia Pacific,14.5,6.01,False
Europe,53.23,4.63,True
Europe,10.61,3.79,False
Europe,9.66,4.24,False
America,9.35,0.73,True
Africa,4.15,3.33,False
Europe,26.09,2.54,True
Africa,10.91,0.79,True
America,16.86,2.58,True
Africa,14.23,5.41,False
America,31.29,2.49,True
America,17.72,3.07,True
Europe,14.25,1.42,True
Europe,39.63,6.07,False
Asia Pacific,3.75,3.2,False
